[{"model": "admin.logentry", "pk": 1, "fields": {"action_time": "2022-10-09T19:09:56.822Z", "user": 1, "content_type": 10, "object_id": "1", "object_repr": "Indian tuin_logo", "action_flag": 1, "change_message": "[{\"added\": {}}]"}}, {"model": "admin.logentry", "pk": 2, "fields": {"action_time": "2022-10-09T19:15:30.047Z", "user": 1, "content_type": 10, "object_id": "2", "object_repr": "Banner_image", "action_flag": 1, "change_message": "[{\"added\": {}}]"}}, {"model": "admin.logentry", "pk": 3, "fields": {"action_time": "2022-10-09T19:16:05.580Z", "user": 1, "content_type": 10, "object_id": "1", "object_repr": "Indian tuin_logo", "action_flag": 3, "change_message": ""}}, {"model": "admin.logentry", "pk": 4, "fields": {"action_time": "2022-10-09T19:16:35.414Z", "user": 1, "content_type": 10, "object_id": "3", "object_repr": "indian tuin_logo", "action_flag": 1, "change_message": "[{\"added\": {}}]"}}, {"model": "admin.logentry", "pk": 5, "fields": {"action_time": "2022-10-09T19:17:25.460Z", "user": 1, "content_type": 10, "object_id": "4", "object_repr": "about_image", "action_flag": 1, "change_message": "[{\"added\": {}}]"}}, {"model": "admin.logentry", "pk": 6, "fields": {"action_time": "2022-10-09T19:17:28.733Z", "user": 1, "content_type": 10, "object_id": "5", "object_repr": "about_image", "action_flag": 1, "change_message": "[{\"added\": {}}]"}}, {"model": "admin.logentry", "pk": 7, "fields": {"action_time": "2022-10-09T19:22:42.689Z", "user": 1, "content_type": 10, "object_id": "5", "object_repr": "about_image", "action_flag": 3, "change_message": ""}}, {"model": "admin.logentry", "pk": 8, "fields": {"action_time": "2022-10-09T19:42:58.618Z", "user": 1, "content_type": 10, "object_id": "2", "object_repr": "Banner_image", "action_flag": 3, "change_message": ""}}, {"model": "admin.logentry", "pk": 9, "fields": {"action_time": "2022-10-09T19:43:24.641Z", "user": 1, "content_type": 10, "object_id": "6", "object_repr": "banner_image", "action_flag": 1, "change_message": "[{\"added\": {}}]"}}, {"model": "admin.logentry", "pk": 10, "fields": {"action_time": "2022-10-10T19:07:13.180Z", "user": 1, "content_type": 4, "object_id": "1", "object_repr": "Lakshmi1188", "action_flag": 2, "change_message": "[{\"changed\": {\"fields\": [\"Username\"]}}]"}}, {"model": "admin.logentry", "pk": 11, "fields": {"action_time": "2022-10-10T19:20:23.279Z", "user": 1, "content_type": 8, "object_id": "1", "object_repr": "Masala milk", "action_flag": 1, "change_message": "[{\"added\": {}}]"}}, {"model": "admin.logentry", "pk": 12, "fields": {"action_time": "2022-10-10T19:26:31.018Z", "user": 1, "content_type": 8, "object_id": "1", "object_repr": "Masala milk", "action_flag": 2, "change_message": "[{\"changed\": {\"fields\": [\"Excerpt\"]}}]"}}, {"model": "admin.logentry", "pk": 13, "fields": {"action_time": "2022-10-11T19:36:47.951Z", "user": 1, "content_type": 8, "object_id": "2", "object_repr": "Pineapple curry", "action_flag": 1, "change_message": "[{\"added\": {}}]"}}, {"model": "admin.logentry", "pk": 14, "fields": {"action_time": "2022-10-11T19:40:21.365Z", "user": 1, "content_type": 8, "object_id": "2", "object_repr": "Pineapple curry", "action_flag": 2, "change_message": "[{\"changed\": {\"fields\": [\"Image\"]}}]"}}, {"model": "admin.logentry", "pk": 15, "fields": {"action_time": "2022-10-11T21:06:31.668Z", "user": 1, "content_type": 8, "object_id": "2", "object_repr": "Pineapple curry", "action_flag": 2, "change_message": "[]"}}, {"model": "admin.logentry", "pk": 16, "fields": {"action_time": "2022-10-11T21:09:09.413Z", "user": 1, "content_type": 8, "object_id": "2", "object_repr": "Pineapple curry", "action_flag": 2, "change_message": "[{\"changed\": {\"fields\": [\"Food type\"]}}]"}}, {"model": "admin.logentry", "pk": 17, "fields": {"action_time": "2022-10-11T21:32:31.200Z", "user": 1, "content_type": 8, "object_id": "2", "object_repr": "Pineapple curry", "action_flag": 2, "change_message": "[{\"changed\": {\"fields\": [\"Excerpt\"]}}]"}}, {"model": "admin.logentry", "pk": 18, "fields": {"action_time": "2022-10-12T11:41:05.577Z", "user": 1, "content_type": 8, "object_id": "3", "object_repr": "Egg biriyani", "action_flag": 1, "change_message": "[{\"added\": {}}]"}}, {"model": "admin.logentry", "pk": 19, "fields": {"action_time": "2022-10-12T11:53:22.201Z", "user": 1, "content_type": 8, "object_id": "4", "object_repr": "Mango chia pudding", "action_flag": 1, "change_message": "[{\"added\": {}}]"}}, {"model": "admin.logentry", "pk": 20, "fields": {"action_time": "2022-10-12T11:54:56.123Z", "user": 1, "content_type": 8, "object_id": "5", "object_repr": "Chia -mango pudding", "action_flag": 1, "change_message": "[{\"added\": {}}]"}}, {"model": "admin.logentry", "pk": 21, "fields": {"action_time": "2022-10-12T11:55:29.566Z", "user": 1, "content_type": 8, "object_id": "5", "object_repr": "Chia -mango pudding", "action_flag": 3, "change_message": ""}}, {"model": "admin.logentry", "pk": 22, "fields": {"action_time": "2022-10-13T18:42:37.599Z", "user": 1, "content_type": 8, "object_id": "6", "object_repr": "Green peas potato curry", "action_flag": 1, "change_message": "[{\"added\": {}}]"}}, {"model": "admin.logentry", "pk": 23, "fields": {"action_time": "2022-10-13T18:54:03.879Z", "user": 1, "content_type": 8, "object_id": "3", "object_repr": "Egg biriyani", "action_flag": 2, "change_message": "[{\"changed\": {\"fields\": [\"Content\"]}}]"}}, {"model": "admin.logentry", "pk": 24, "fields": {"action_time": "2022-10-13T19:04:01.988Z", "user": 1, "content_type": 8, "object_id": "7", "object_repr": "Quinoa Dosa", "action_flag": 1, "change_message": "[{\"added\": {}}]"}}, {"model": "admin.logentry", "pk": 25, "fields": {"action_time": "2022-10-13T19:25:01.944Z", "user": 1, "content_type": 8, "object_id": "8", "object_repr": "Mango rice", "action_flag": 1, "change_message": "[{\"added\": {}}]"}}, {"model": "admin.logentry", "pk": 26, "fields": {"action_time": "2022-10-13T19:25:29.689Z", "user": 1, "content_type": 8, "object_id": "3", "object_repr": "Egg biriyani", "action_flag": 2, "change_message": "[{\"changed\": {\"fields\": [\"Content\"]}}]"}}, {"model": "admin.logentry", "pk": 27, "fields": {"action_time": "2022-10-13T20:14:19.289Z", "user": 1, "content_type": 8, "object_id": "3", "object_repr": "Egg biriyani", "action_flag": 2, "change_message": "[{\"changed\": {\"fields\": [\"Content\"]}}]"}}, {"model": "admin.logentry", "pk": 28, "fields": {"action_time": "2022-10-13T20:51:22.025Z", "user": 1, "content_type": 8, "object_id": "1", "object_repr": "Masala milk", "action_flag": 2, "change_message": "[{\"changed\": {\"fields\": [\"Content\"]}}]"}}, {"model": "admin.logentry", "pk": 29, "fields": {"action_time": "2022-10-13T20:52:43.778Z", "user": 1, "content_type": 8, "object_id": "1", "object_repr": "Masala milk", "action_flag": 2, "change_message": "[{\"changed\": {\"fields\": [\"Content\"]}}]"}}, {"model": "admin.logentry", "pk": 30, "fields": {"action_time": "2022-10-13T20:54:53.402Z", "user": 1, "content_type": 8, "object_id": "1", "object_repr": "Masala milk", "action_flag": 2, "change_message": "[{\"changed\": {\"fields\": [\"Content\"]}}]"}}, {"model": "admin.logentry", "pk": 31, "fields": {"action_time": "2022-10-14T22:35:27.664Z", "user": 1, "content_type": 7, "object_id": "2", "object_repr": "Comment Nice!!! by Lakshmi1188", "action_flag": 2, "change_message": "[{\"changed\": {\"fields\": [\"Approved\"]}}]"}}, {"model": "admin.logentry", "pk": 32, "fields": {"action_time": "2022-10-15T10:47:49.091Z", "user": 1, "content_type": 7, "object_id": "1", "object_repr": "Comment Nice recipe by Lakshmi1188", "action_flag": 3, "change_message": ""}}, {"model": "admin.logentry", "pk": 33, "fields": {"action_time": "2022-10-15T10:47:49.114Z", "user": 1, "content_type": 7, "object_id": "2", "object_repr": "Comment Nice!!! by Lakshmi1188", "action_flag": 3, "change_message": ""}}, {"model": "admin.logentry", "pk": 34, "fields": {"action_time": "2022-10-15T10:47:49.135Z", "user": 1, "content_type": 7, "object_id": "3", "object_repr": "Comment Good!! by Lakshmi1188", "action_flag": 3, "change_message": ""}}, {"model": "admin.logentry", "pk": 35, "fields": {"action_time": "2022-10-15T10:47:49.155Z", "user": 1, "content_type": 7, "object_id": "4", "object_repr": "Comment Good!! by Lakshmi1188", "action_flag": 3, "change_message": ""}}, {"model": "admin.logentry", "pk": 36, "fields": {"action_time": "2022-10-15T10:47:49.175Z", "user": 1, "content_type": 7, "object_id": "5", "object_repr": "Comment Good!! by Lakshmi1188", "action_flag": 3, "change_message": ""}}, {"model": "admin.logentry", "pk": 37, "fields": {"action_time": "2022-10-15T10:47:49.195Z", "user": 1, "content_type": 7, "object_id": "6", "object_repr": "Comment Good!! by Lakshmi1188", "action_flag": 3, "change_message": ""}}, {"model": "admin.logentry", "pk": 38, "fields": {"action_time": "2022-10-15T10:47:49.216Z", "user": 1, "content_type": 7, "object_id": "7", "object_repr": "Comment Good!! by Lakshmi1188", "action_flag": 3, "change_message": ""}}, {"model": "admin.logentry", "pk": 39, "fields": {"action_time": "2022-10-15T10:47:49.236Z", "user": 1, "content_type": 7, "object_id": "8", "object_repr": "Comment Good!! by Lakshmi1188", "action_flag": 3, "change_message": ""}}, {"model": "admin.logentry", "pk": 40, "fields": {"action_time": "2022-10-15T10:47:49.256Z", "user": 1, "content_type": 7, "object_id": "9", "object_repr": "Comment Good!! by Lakshmi1188", "action_flag": 3, "change_message": ""}}, {"model": "admin.logentry", "pk": 41, "fields": {"action_time": "2022-10-15T10:47:49.275Z", "user": 1, "content_type": 7, "object_id": "10", "object_repr": "Comment nice by Lakshmi1188", "action_flag": 3, "change_message": ""}}, {"model": "admin.logentry", "pk": 42, "fields": {"action_time": "2022-10-15T10:47:49.295Z", "user": 1, "content_type": 7, "object_id": "11", "object_repr": "Comment /good by Lakshmi1188", "action_flag": 3, "change_message": ""}}, {"model": "admin.logentry", "pk": 43, "fields": {"action_time": "2022-10-15T20:46:49.855Z", "user": 1, "content_type": 17, "object_id": "2", "object_repr": "Samosa", "action_flag": 1, "change_message": "[{\"added\": {}}]"}}, {"model": "admin.logentry", "pk": 44, "fields": {"action_time": "2022-10-15T20:55:11.189Z", "user": 1, "content_type": 17, "object_id": "2", "object_repr": "Samosa", "action_flag": 2, "change_message": "[]"}}, {"model": "admin.logentry", "pk": 45, "fields": {"action_time": "2022-10-15T21:12:52.684Z", "user": 1, "content_type": 17, "object_id": "3", "object_repr": "Chicken Tikka Biriyani", "action_flag": 1, "change_message": "[{\"added\": {}}]"}}, {"model": "admin.logentry", "pk": 46, "fields": {"action_time": "2022-10-15T22:02:19.393Z", "user": 1, "content_type": 17, "object_id": "4", "object_repr": "Tandoori chicken", "action_flag": 1, "change_message": "[{\"added\": {}}]"}}, {"model": "admin.logentry", "pk": 47, "fields": {"action_time": "2022-10-15T22:04:54.188Z", "user": 1, "content_type": 17, "object_id": "5", "object_repr": "Chicken curry", "action_flag": 1, "change_message": "[{\"added\": {}}]"}}, {"model": "admin.logentry", "pk": 48, "fields": {"action_time": "2022-10-15T22:06:29.006Z", "user": 1, "content_type": 17, "object_id": "5", "object_repr": "Chicken curry", "action_flag": 2, "change_message": "[{\"changed\": {\"fields\": [\"Description\"]}}]"}}, {"model": "admin.logentry", "pk": 49, "fields": {"action_time": "2022-10-15T22:08:59.593Z", "user": 1, "content_type": 17, "object_id": "6", "object_repr": "Chana masala", "action_flag": 1, "change_message": "[{\"added\": {}}]"}}, {"model": "admin.logentry", "pk": 50, "fields": {"action_time": "2022-10-15T22:11:08.607Z", "user": 1, "content_type": 17, "object_id": "7", "object_repr": "Tandoori roti", "action_flag": 1, "change_message": "[{\"added\": {}}]"}}, {"model": "admin.logentry", "pk": 51, "fields": {"action_time": "2022-10-15T22:12:38.816Z", "user": 1, "content_type": 17, "object_id": "8", "object_repr": "Idli and vada", "action_flag": 1, "change_message": "[{\"added\": {}}]"}}, {"model": "admin.logentry", "pk": 52, "fields": {"action_time": "2022-10-15T22:20:31.144Z", "user": 1, "content_type": 17, "object_id": "9", "object_repr": "Rava dosa", "action_flag": 1, "change_message": "[{\"added\": {}}]"}}, {"model": "admin.logentry", "pk": 53, "fields": {"action_time": "2022-10-15T22:22:40.389Z", "user": 1, "content_type": 17, "object_id": "10", "object_repr": "Ghulab jamun", "action_flag": 1, "change_message": "[{\"added\": {}}]"}}, {"model": "admin.logentry", "pk": 54, "fields": {"action_time": "2022-10-15T22:23:40.091Z", "user": 1, "content_type": 17, "object_id": "10", "object_repr": "Ghulab jamun", "action_flag": 2, "change_message": "[{\"changed\": {\"fields\": [\"Price\"]}}]"}}, {"model": "admin.logentry", "pk": 55, "fields": {"action_time": "2022-10-15T22:24:18.896Z", "user": 1, "content_type": 17, "object_id": "11", "object_repr": "Rasgulla", "action_flag": 1, "change_message": "[{\"added\": {}}]"}}, {"model": "admin.logentry", "pk": 56, "fields": {"action_time": "2022-10-15T22:27:23.139Z", "user": 1, "content_type": 17, "object_id": "12", "object_repr": "Butter paneer", "action_flag": 1, "change_message": "[{\"added\": {}}]"}}, {"model": "admin.logentry", "pk": 57, "fields": {"action_time": "2022-10-15T22:37:55.335Z", "user": 1, "content_type": 17, "object_id": "13", "object_repr": "Vegetable pulao", "action_flag": 1, "change_message": "[{\"added\": {}}]"}}, {"model": "admin.logentry", "pk": 58, "fields": {"action_time": "2022-10-16T12:48:56.631Z", "user": 1, "content_type": 17, "object_id": "2", "object_repr": "Samosa", "action_flag": 2, "change_message": "[{\"changed\": {\"fields\": [\"Slug\"]}}]"}}, {"model": "admin.logentry", "pk": 59, "fields": {"action_time": "2022-10-16T12:49:03.285Z", "user": 1, "content_type": 17, "object_id": "3", "object_repr": "Chicken Tikka Biriyani", "action_flag": 2, "change_message": "[{\"changed\": {\"fields\": [\"Slug\"]}}]"}}, {"model": "admin.logentry", "pk": 60, "fields": {"action_time": "2022-10-16T12:49:21.245Z", "user": 1, "content_type": 17, "object_id": "4", "object_repr": "Tandoori chicken", "action_flag": 2, "change_message": "[{\"changed\": {\"fields\": [\"Slug\"]}}]"}}, {"model": "admin.logentry", "pk": 61, "fields": {"action_time": "2022-10-16T12:49:34.385Z", "user": 1, "content_type": 17, "object_id": "5", "object_repr": "Chicken curry", "action_flag": 2, "change_message": "[{\"changed\": {\"fields\": [\"Slug\"]}}]"}}, {"model": "admin.logentry", "pk": 62, "fields": {"action_time": "2022-10-16T12:49:45.239Z", "user": 1, "content_type": 17, "object_id": "6", "object_repr": "Chana masala", "action_flag": 2, "change_message": "[{\"changed\": {\"fields\": [\"Slug\"]}}]"}}, {"model": "admin.logentry", "pk": 63, "fields": {"action_time": "2022-10-16T12:50:08.659Z", "user": 1, "content_type": 17, "object_id": "7", "object_repr": "Tandoori roti", "action_flag": 2, "change_message": "[{\"changed\": {\"fields\": [\"Slug\"]}}]"}}, {"model": "admin.logentry", "pk": 64, "fields": {"action_time": "2022-10-16T12:50:22.048Z", "user": 1, "content_type": 17, "object_id": "8", "object_repr": "Idli and vada", "action_flag": 2, "change_message": "[{\"changed\": {\"fields\": [\"Slug\"]}}]"}}, {"model": "admin.logentry", "pk": 65, "fields": {"action_time": "2022-10-16T12:50:31.862Z", "user": 1, "content_type": 17, "object_id": "9", "object_repr": "Rava dosa", "action_flag": 2, "change_message": "[{\"changed\": {\"fields\": [\"Slug\"]}}]"}}, {"model": "admin.logentry", "pk": 66, "fields": {"action_time": "2022-10-16T12:50:44.813Z", "user": 1, "content_type": 17, "object_id": "10", "object_repr": "Ghulab jamun", "action_flag": 2, "change_message": "[{\"changed\": {\"fields\": [\"Slug\"]}}]"}}, {"model": "admin.logentry", "pk": 67, "fields": {"action_time": "2022-10-16T12:50:57.353Z", "user": 1, "content_type": 17, "object_id": "11", "object_repr": "Rasgulla", "action_flag": 2, "change_message": "[{\"changed\": {\"fields\": [\"Slug\"]}}]"}}, {"model": "admin.logentry", "pk": 68, "fields": {"action_time": "2022-10-16T12:53:41.593Z", "user": 1, "content_type": 17, "object_id": "10", "object_repr": "Ghulab jamun", "action_flag": 2, "change_message": "[]"}}, {"model": "admin.logentry", "pk": 69, "fields": {"action_time": "2022-10-16T12:53:55.442Z", "user": 1, "content_type": 17, "object_id": "12", "object_repr": "Butter paneer", "action_flag": 2, "change_message": "[{\"changed\": {\"fields\": [\"Slug\"]}}]"}}, {"model": "admin.logentry", "pk": 70, "fields": {"action_time": "2022-10-16T12:54:07.148Z", "user": 1, "content_type": 17, "object_id": "13", "object_repr": "Vegetable pulao", "action_flag": 2, "change_message": "[{\"changed\": {\"fields\": [\"Slug\"]}}]"}}, {"model": "admin.logentry", "pk": 71, "fields": {"action_time": "2022-10-16T13:04:06.064Z", "user": 1, "content_type": 18, "object_id": "1", "object_repr": "STARTER", "action_flag": 1, "change_message": "[{\"added\": {}}]"}}, {"model": "admin.logentry", "pk": 72, "fields": {"action_time": "2022-10-16T13:04:17.294Z", "user": 1, "content_type": 18, "object_id": "2", "object_repr": "MAIN", "action_flag": 1, "change_message": "[{\"added\": {}}]"}}, {"model": "admin.logentry", "pk": 73, "fields": {"action_time": "2022-10-16T13:04:27.125Z", "user": 1, "content_type": 18, "object_id": "3", "object_repr": "DESSERT", "action_flag": 1, "change_message": "[{\"added\": {}}]"}}, {"model": "admin.logentry", "pk": 74, "fields": {"action_time": "2022-10-16T13:05:06.780Z", "user": 1, "content_type": 17, "object_id": "2", "object_repr": "Samosa", "action_flag": 2, "change_message": "[{\"changed\": {\"fields\": [\"Category\"]}}]"}}, {"model": "admin.logentry", "pk": 75, "fields": {"action_time": "2022-10-16T13:05:13.820Z", "user": 1, "content_type": 17, "object_id": "3", "object_repr": "Chicken Tikka Biriyani", "action_flag": 2, "change_message": "[{\"changed\": {\"fields\": [\"Category\"]}}]"}}, {"model": "admin.logentry", "pk": 76, "fields": {"action_time": "2022-10-16T13:05:20.689Z", "user": 1, "content_type": 17, "object_id": "4", "object_repr": "Tandoori chicken", "action_flag": 2, "change_message": "[{\"changed\": {\"fields\": [\"Category\"]}}]"}}, {"model": "admin.logentry", "pk": 77, "fields": {"action_time": "2022-10-16T13:05:28.822Z", "user": 1, "content_type": 17, "object_id": "8", "object_repr": "Idli and vada", "action_flag": 2, "change_message": "[{\"changed\": {\"fields\": [\"Category\"]}}]"}}, {"model": "admin.logentry", "pk": 78, "fields": {"action_time": "2022-10-16T13:05:35.778Z", "user": 1, "content_type": 17, "object_id": "9", "object_repr": "Rava dosa", "action_flag": 2, "change_message": "[{\"changed\": {\"fields\": [\"Category\"]}}]"}}, {"model": "admin.logentry", "pk": 79, "fields": {"action_time": "2022-10-16T13:05:43.103Z", "user": 1, "content_type": 17, "object_id": "10", "object_repr": "Ghulab jamun", "action_flag": 2, "change_message": "[{\"changed\": {\"fields\": [\"Category\"]}}]"}}, {"model": "admin.logentry", "pk": 80, "fields": {"action_time": "2022-10-16T13:05:50.203Z", "user": 1, "content_type": 17, "object_id": "11", "object_repr": "Rasgulla", "action_flag": 2, "change_message": "[{\"changed\": {\"fields\": [\"Category\"]}}]"}}, {"model": "admin.logentry", "pk": 81, "fields": {"action_time": "2022-10-16T13:05:59.915Z", "user": 1, "content_type": 17, "object_id": "12", "object_repr": "Butter paneer", "action_flag": 2, "change_message": "[{\"changed\": {\"fields\": [\"Category\"]}}]"}}, {"model": "admin.logentry", "pk": 82, "fields": {"action_time": "2022-10-16T13:06:07.511Z", "user": 1, "content_type": 17, "object_id": "13", "object_repr": "Vegetable pulao", "action_flag": 2, "change_message": "[{\"changed\": {\"fields\": [\"Category\"]}}]"}}, {"model": "admin.logentry", "pk": 83, "fields": {"action_time": "2022-10-16T13:06:15.558Z", "user": 1, "content_type": 17, "object_id": "6", "object_repr": "Chana masala", "action_flag": 2, "change_message": "[{\"changed\": {\"fields\": [\"Category\"]}}]"}}, {"model": "admin.logentry", "pk": 84, "fields": {"action_time": "2022-10-16T13:06:22.532Z", "user": 1, "content_type": 17, "object_id": "5", "object_repr": "Chicken curry", "action_flag": 2, "change_message": "[{\"changed\": {\"fields\": [\"Category\"]}}]"}}, {"model": "admin.logentry", "pk": 85, "fields": {"action_time": "2022-10-19T19:04:12.801Z", "user": 1, "content_type": 10, "object_id": "7", "object_repr": "Times Image", "action_flag": 1, "change_message": "[{\"added\": {}}]"}}, {"model": "admin.logentry", "pk": 86, "fields": {"action_time": "2022-10-19T21:09:47.431Z", "user": 1, "content_type": 10, "object_id": "7", "object_repr": "Times Image", "action_flag": 2, "change_message": "[{\"changed\": {\"fields\": [\"Image\"]}}]"}}, {"model": "admin.logentry", "pk": 87, "fields": {"action_time": "2022-10-21T21:03:39.630Z", "user": 1, "content_type": 19, "object_id": "1", "object_repr": "anusree2714", "action_flag": 1, "change_message": "[{\"added\": {}}]"}}, {"model": "admin.logentry", "pk": 88, "fields": {"action_time": "2022-10-22T12:35:56.823Z", "user": 1, "content_type": 7, "object_id": "29", "object_repr": "Comment Good!! by Lakshmi1188", "action_flag": 3, "change_message": ""}}, {"model": "admin.logentry", "pk": 89, "fields": {"action_time": "2022-10-22T12:35:56.847Z", "user": 1, "content_type": 7, "object_id": "30", "object_repr": "Comment Good!! by Lakshmi1188", "action_flag": 3, "change_message": ""}}, {"model": "admin.logentry", "pk": 90, "fields": {"action_time": "2022-10-22T12:35:56.868Z", "user": 1, "content_type": 7, "object_id": "31", "object_repr": "Comment Good!! by Lakshmi1188", "action_flag": 3, "change_message": ""}}, {"model": "admin.logentry", "pk": 91, "fields": {"action_time": "2022-10-22T12:35:56.888Z", "user": 1, "content_type": 7, "object_id": "32", "object_repr": "Comment Good!! by Lakshmi1188", "action_flag": 3, "change_message": ""}}, {"model": "admin.logentry", "pk": 92, "fields": {"action_time": "2022-10-22T12:35:56.909Z", "user": 1, "content_type": 7, "object_id": "33", "object_repr": "Comment Good!! by Lakshmi1188", "action_flag": 3, "change_message": ""}}, {"model": "admin.logentry", "pk": 93, "fields": {"action_time": "2022-10-22T12:35:56.929Z", "user": 1, "content_type": 7, "object_id": "34", "object_repr": "Comment Good!! by Lakshmi1188", "action_flag": 3, "change_message": ""}}, {"model": "admin.logentry", "pk": 94, "fields": {"action_time": "2022-10-22T12:35:56.949Z", "user": 1, "content_type": 7, "object_id": "35", "object_repr": "Comment Good!! by Lakshmi1188", "action_flag": 3, "change_message": ""}}, {"model": "admin.logentry", "pk": 95, "fields": {"action_time": "2022-10-22T12:35:56.970Z", "user": 1, "content_type": 7, "object_id": "36", "object_repr": "Comment Good!! by Lakshmi1188", "action_flag": 3, "change_message": ""}}, {"model": "admin.logentry", "pk": 96, "fields": {"action_time": "2022-10-22T12:35:56.990Z", "user": 1, "content_type": 7, "object_id": "37", "object_repr": "Comment Good!! by Lakshmi1188", "action_flag": 3, "change_message": ""}}, {"model": "admin.logentry", "pk": 97, "fields": {"action_time": "2022-10-22T13:20:45.755Z", "user": 1, "content_type": 19, "object_id": "2", "object_repr": "Lakshmi1188", "action_flag": 2, "change_message": "[]"}}, {"model": "admin.logentry", "pk": 98, "fields": {"action_time": "2022-10-22T13:20:56.644Z", "user": 1, "content_type": 19, "object_id": "2", "object_repr": "Lakshmi1188", "action_flag": 2, "change_message": "[{\"changed\": {\"fields\": [\"Name\", \"Email\", \"Username\"]}}]"}}, {"model": "admin.logentry", "pk": 99, "fields": {"action_time": "2022-10-24T17:16:34.202Z", "user": 1, "content_type": 19, "object_id": "7", "object_repr": "Lakshmi1188", "action_flag": 1, "change_message": "[{\"added\": {}}]"}}, {"model": "admin.logentry", "pk": 100, "fields": {"action_time": "2022-10-25T21:42:59.758Z", "user": 6, "content_type": 7, "object_id": "61", "object_repr": "Comment jknknjnkk by tutor", "action_flag": 2, "change_message": "[{\"changed\": {\"fields\": [\"Email\", \"Approved\"]}}]"}}, {"model": "admin.logentry", "pk": 101, "fields": {"action_time": "2022-10-26T20:58:19.855Z", "user": 1, "content_type": 20, "object_id": "34", "object_repr": "Anusree 2022-11-21", "action_flag": 1, "change_message": "[{\"added\": {}}]"}}, {"model": "admin.logentry", "pk": 102, "fields": {"action_time": "2022-10-28T20:41:41.389Z", "user": 1, "content_type": 17, "object_id": "13", "object_repr": "Vegetable pulao", "action_flag": 2, "change_message": "[{\"changed\": {\"fields\": [\"Image\"]}}]"}}, {"model": "admin.logentry", "pk": 103, "fields": {"action_time": "2022-10-28T20:41:58.066Z", "user": 1, "content_type": 17, "object_id": "12", "object_repr": "Butter paneer", "action_flag": 2, "change_message": "[{\"changed\": {\"fields\": [\"Image\"]}}]"}}, {"model": "admin.logentry", "pk": 104, "fields": {"action_time": "2022-10-28T20:44:16.545Z", "user": 1, "content_type": 17, "object_id": "11", "object_repr": "Rasgulla", "action_flag": 2, "change_message": "[{\"changed\": {\"fields\": [\"Image\"]}}]"}}, {"model": "admin.logentry", "pk": 105, "fields": {"action_time": "2022-10-28T20:46:26.977Z", "user": 1, "content_type": 17, "object_id": "10", "object_repr": "Ghulab jamun", "action_flag": 2, "change_message": "[{\"changed\": {\"fields\": [\"Image\"]}}]"}}, {"model": "admin.logentry", "pk": 106, "fields": {"action_time": "2022-10-28T20:46:54.694Z", "user": 1, "content_type": 17, "object_id": "9", "object_repr": "Rava dosa", "action_flag": 2, "change_message": "[{\"changed\": {\"fields\": [\"Image\"]}}]"}}, {"model": "admin.logentry", "pk": 107, "fields": {"action_time": "2022-10-28T20:49:20.523Z", "user": 1, "content_type": 17, "object_id": "12", "object_repr": "Butter paneer", "action_flag": 2, "change_message": "[{\"changed\": {\"fields\": [\"Image\"]}}]"}}, {"model": "admin.logentry", "pk": 108, "fields": {"action_time": "2022-10-28T20:49:30.737Z", "user": 1, "content_type": 17, "object_id": "11", "object_repr": "Rasgulla", "action_flag": 2, "change_message": "[{\"changed\": {\"fields\": [\"Image\"]}}]"}}, {"model": "admin.logentry", "pk": 109, "fields": {"action_time": "2022-10-28T20:49:37.107Z", "user": 1, "content_type": 17, "object_id": "10", "object_repr": "Ghulab jamun", "action_flag": 2, "change_message": "[]"}}, {"model": "admin.logentry", "pk": 110, "fields": {"action_time": "2022-10-28T20:49:50.615Z", "user": 1, "content_type": 17, "object_id": "10", "object_repr": "Ghulab jamun", "action_flag": 2, "change_message": "[{\"changed\": {\"fields\": [\"Image\"]}}]"}}, {"model": "admin.logentry", "pk": 111, "fields": {"action_time": "2022-10-28T20:50:03.632Z", "user": 1, "content_type": 17, "object_id": "9", "object_repr": "Rava dosa", "action_flag": 2, "change_message": "[{\"changed\": {\"fields\": [\"Image\"]}}]"}}, {"model": "admin.logentry", "pk": 112, "fields": {"action_time": "2022-10-28T20:50:18.792Z", "user": 1, "content_type": 17, "object_id": "8", "object_repr": "Idli and vada", "action_flag": 2, "change_message": "[{\"changed\": {\"fields\": [\"Image\"]}}]"}}, {"model": "admin.logentry", "pk": 113, "fields": {"action_time": "2022-10-28T20:50:42.354Z", "user": 1, "content_type": 17, "object_id": "7", "object_repr": "Tandoori roti", "action_flag": 2, "change_message": "[{\"changed\": {\"fields\": [\"Category\", \"Image\"]}}]"}}, {"model": "admin.logentry", "pk": 114, "fields": {"action_time": "2022-10-28T20:54:27.457Z", "user": 1, "content_type": 17, "object_id": "6", "object_repr": "Chana masala", "action_flag": 2, "change_message": "[{\"changed\": {\"fields\": [\"Image\"]}}]"}}, {"model": "admin.logentry", "pk": 115, "fields": {"action_time": "2022-10-28T20:56:33.727Z", "user": 1, "content_type": 17, "object_id": "5", "object_repr": "Chicken curry", "action_flag": 2, "change_message": "[{\"changed\": {\"fields\": [\"Image\"]}}]"}}, {"model": "admin.logentry", "pk": 116, "fields": {"action_time": "2022-10-28T20:58:52.751Z", "user": 1, "content_type": 17, "object_id": "4", "object_repr": "Tandoori chicken", "action_flag": 2, "change_message": "[{\"changed\": {\"fields\": [\"Image\"]}}]"}}, {"model": "admin.logentry", "pk": 117, "fields": {"action_time": "2022-10-28T20:59:09.045Z", "user": 1, "content_type": 17, "object_id": "3", "object_repr": "Chicken Tikka Biriyani", "action_flag": 2, "change_message": "[{\"changed\": {\"fields\": [\"Image\"]}}]"}}, {"model": "admin.logentry", "pk": 118, "fields": {"action_time": "2022-10-28T20:59:21.139Z", "user": 1, "content_type": 17, "object_id": "2", "object_repr": "Samosa", "action_flag": 2, "change_message": "[{\"changed\": {\"fields\": [\"Image\"]}}]"}}, {"model": "admin.logentry", "pk": 119, "fields": {"action_time": "2022-10-28T21:04:03.413Z", "user": 1, "content_type": 8, "object_id": "6", "object_repr": "Green peas potato curry", "action_flag": 2, "change_message": "[{\"changed\": {\"fields\": [\"Image\", \"Content\", \"Likes\"]}}]"}}, {"model": "admin.logentry", "pk": 120, "fields": {"action_time": "2022-10-28T21:04:27.320Z", "user": 1, "content_type": 8, "object_id": "3", "object_repr": "Egg biriyani", "action_flag": 2, "change_message": "[{\"changed\": {\"fields\": [\"Image\"]}}]"}}, {"model": "admin.logentry", "pk": 121, "fields": {"action_time": "2022-10-28T21:04:41.390Z", "user": 1, "content_type": 8, "object_id": "2", "object_repr": "Pineapple curry", "action_flag": 2, "change_message": "[{\"changed\": {\"fields\": [\"Image\"]}}]"}}, {"model": "admin.logentry", "pk": 122, "fields": {"action_time": "2022-10-28T21:04:51.735Z", "user": 1, "content_type": 8, "object_id": "1", "object_repr": "Masala milk", "action_flag": 2, "change_message": "[{\"changed\": {\"fields\": [\"Image\"]}}]"}}, {"model": "admin.logentry", "pk": 123, "fields": {"action_time": "2022-10-28T21:05:15.502Z", "user": 1, "content_type": 10, "object_id": "7", "object_repr": "Times Image", "action_flag": 2, "change_message": "[{\"changed\": {\"fields\": [\"Image\"]}}]"}}, {"model": "admin.logentry", "pk": 124, "fields": {"action_time": "2022-10-28T21:05:25.109Z", "user": 1, "content_type": 10, "object_id": "6", "object_repr": "banner_image", "action_flag": 2, "change_message": "[{\"changed\": {\"fields\": [\"Image\"]}}]"}}, {"model": "admin.logentry", "pk": 125, "fields": {"action_time": "2022-10-28T21:05:35.888Z", "user": 1, "content_type": 10, "object_id": "4", "object_repr": "about_image", "action_flag": 2, "change_message": "[{\"changed\": {\"fields\": [\"Image\"]}}]"}}, {"model": "admin.logentry", "pk": 126, "fields": {"action_time": "2022-10-28T21:05:47.917Z", "user": 1, "content_type": 10, "object_id": "3", "object_repr": "indian tuin_logo", "action_flag": 3, "change_message": ""}}, {"model": "admin.logentry", "pk": 127, "fields": {"action_time": "2022-10-28T21:55:42.593Z", "user": 1, "content_type": 19, "object_id": "1", "object_repr": "anusree2714", "action_flag": 2, "change_message": "[{\"changed\": {\"fields\": [\"Image\"]}}]"}}, {"model": "admin.logentry", "pk": 128, "fields": {"action_time": "2022-10-28T21:55:54.693Z", "user": 1, "content_type": 19, "object_id": "7", "object_repr": "Lakshmi1188", "action_flag": 2, "change_message": "[]"}}, {"model": "admin.logentry", "pk": 129, "fields": {"action_time": "2022-10-28T21:56:14.234Z", "user": 1, "content_type": 19, "object_id": "7", "object_repr": "Lakshmi1188", "action_flag": 2, "change_message": "[{\"changed\": {\"fields\": [\"Image\"]}}]"}}, {"model": "admin.logentry", "pk": 130, "fields": {"action_time": "2022-10-28T22:05:01.028Z", "user": 1, "content_type": 17, "object_id": "10", "object_repr": "Ghulab jamun", "action_flag": 2, "change_message": "[{\"changed\": {\"fields\": [\"Image\"]}}]"}}, {"model": "admin.logentry", "pk": 131, "fields": {"action_time": "2022-10-29T13:04:41.281Z", "user": 1, "content_type": 10, "object_id": "7", "object_repr": "Times Image", "action_flag": 2, "change_message": "[{\"changed\": {\"fields\": [\"Image\"]}}]"}}, {"model": "admin.logentry", "pk": 132, "fields": {"action_time": "2022-10-29T13:26:12.486Z", "user": 1, "content_type": 10, "object_id": "6", "object_repr": "banner_image", "action_flag": 2, "change_message": "[{\"changed\": {\"fields\": [\"Image\"]}}]"}}, {"model": "admin.logentry", "pk": 133, "fields": {"action_time": "2022-10-29T13:27:29.947Z", "user": 1, "content_type": 10, "object_id": "6", "object_repr": "banner_image", "action_flag": 2, "change_message": "[{\"changed\": {\"fields\": [\"Image\"]}}]"}}, {"model": "admin.logentry", "pk": 134, "fields": {"action_time": "2022-10-29T13:39:41.498Z", "user": 1, "content_type": 10, "object_id": "6", "object_repr": "banner_image", "action_flag": 2, "change_message": "[{\"changed\": {\"fields\": [\"Image\"]}}]"}}, {"model": "admin.logentry", "pk": 135, "fields": {"action_time": "2022-10-29T13:49:22.496Z", "user": 1, "content_type": 10, "object_id": "6", "object_repr": "banner_image", "action_flag": 2, "change_message": "[{\"changed\": {\"fields\": [\"Image\"]}}]"}}, {"model": "admin.logentry", "pk": 136, "fields": {"action_time": "2022-10-29T13:54:06.010Z", "user": 1, "content_type": 10, "object_id": "4", "object_repr": "about_image", "action_flag": 2, "change_message": "[{\"changed\": {\"fields\": [\"Image\"]}}]"}}, {"model": "admin.logentry", "pk": 137, "fields": {"action_time": "2022-10-29T13:55:02.108Z", "user": 1, "content_type": 10, "object_id": "4", "object_repr": "about_image", "action_flag": 2, "change_message": "[{\"changed\": {\"fields\": [\"Image\"]}}]"}}, {"model": "admin.logentry", "pk": 138, "fields": {"action_time": "2022-10-29T14:26:10.185Z", "user": 1, "content_type": 10, "object_id": "6", "object_repr": "banner_image", "action_flag": 3, "change_message": ""}}, {"model": "admin.logentry", "pk": 139, "fields": {"action_time": "2022-10-29T21:38:07.906Z", "user": 1, "content_type": 8, "object_id": "6", "object_repr": "Green peas potato curry", "action_flag": 2, "change_message": "[{\"changed\": {\"fields\": [\"Content\"]}}]"}}, {"model": "admin.logentry", "pk": 140, "fields": {"action_time": "2022-10-29T21:39:36.085Z", "user": 1, "content_type": 8, "object_id": "6", "object_repr": "Green peas potato curry", "action_flag": 2, "change_message": "[]"}}, {"model": "admin.logentry", "pk": 141, "fields": {"action_time": "2022-10-29T21:42:35.720Z", "user": 1, "content_type": 8, "object_id": "6", "object_repr": "Green peas potato curry", "action_flag": 2, "change_message": "[{\"changed\": {\"fields\": [\"Content\"]}}]"}}, {"model": "admin.logentry", "pk": 142, "fields": {"action_time": "2022-10-29T21:43:50.201Z", "user": 1, "content_type": 8, "object_id": "6", "object_repr": "Green peas potato curry", "action_flag": 2, "change_message": "[{\"changed\": {\"fields\": [\"Content\"]}}]"}}, {"model": "admin.logentry", "pk": 143, "fields": {"action_time": "2022-10-29T21:44:32.603Z", "user": 1, "content_type": 8, "object_id": "3", "object_repr": "Egg biriyani", "action_flag": 2, "change_message": "[{\"changed\": {\"fields\": [\"Content\"]}}]"}}, {"model": "admin.logentry", "pk": 144, "fields": {"action_time": "2022-10-29T21:46:40.717Z", "user": 1, "content_type": 8, "object_id": "6", "object_repr": "Green peas potato curry", "action_flag": 2, "change_message": "[{\"changed\": {\"fields\": [\"Content\"]}}]"}}, {"model": "admin.logentry", "pk": 145, "fields": {"action_time": "2022-10-29T21:48:56.098Z", "user": 1, "content_type": 8, "object_id": "6", "object_repr": "Green peas potato curry", "action_flag": 2, "change_message": "[]"}}, {"model": "admin.logentry", "pk": 146, "fields": {"action_time": "2022-10-29T21:49:56.082Z", "user": 1, "content_type": 8, "object_id": "2", "object_repr": "Pineapple curry", "action_flag": 2, "change_message": "[{\"changed\": {\"fields\": [\"Content\"]}}]"}}, {"model": "admin.logentry", "pk": 147, "fields": {"action_time": "2022-10-29T21:51:34.319Z", "user": 1, "content_type": 8, "object_id": "1", "object_repr": "Masala milk", "action_flag": 2, "change_message": "[{\"changed\": {\"fields\": [\"Content\"]}}]"}}, {"model": "admin.logentry", "pk": 148, "fields": {"action_time": "2022-10-29T21:53:29.303Z", "user": 1, "content_type": 8, "object_id": "1", "object_repr": "Masala milk", "action_flag": 2, "change_message": "[{\"changed\": {\"fields\": [\"Content\"]}}]"}}, {"model": "admin.logentry", "pk": 149, "fields": {"action_time": "2022-10-29T21:54:39.099Z", "user": 1, "content_type": 8, "object_id": "3", "object_repr": "Egg biriyani", "action_flag": 2, "change_message": "[{\"changed\": {\"fields\": [\"Content\"]}}]"}}, {"model": "admin.logentry", "pk": 150, "fields": {"action_time": "2022-10-29T21:55:12.838Z", "user": 1, "content_type": 8, "object_id": "3", "object_repr": "Egg biriyani", "action_flag": 2, "change_message": "[{\"changed\": {\"fields\": [\"Content\"]}}]"}}, {"model": "admin.logentry", "pk": 151, "fields": {"action_time": "2023-03-06T20:37:24.938Z", "user": 1, "content_type": 19, "object_id": "5", "object_repr": "narender", "action_flag": 3, "change_message": ""}}, {"model": "admin.logentry", "pk": 152, "fields": {"action_time": "2023-03-06T20:37:47.002Z", "user": 1, "content_type": 19, "object_id": "13", "object_repr": "django2000", "action_flag": 2, "change_message": "[]"}}, {"model": "admin.logentry", "pk": 153, "fields": {"action_time": "2023-03-07T20:54:01.642Z", "user": 1, "content_type": 10, "object_id": "7", "object_repr": "Times Image", "action_flag": 2, "change_message": "[{\"changed\": {\"fields\": [\"Image\"]}}]"}}, {"model": "auth.user", "pk": 1, "fields": {"password": "pbkdf2_sha256$260000$2AepSwVMY4GlCC39G6ABoR$0N9etkDUPuvRS+rYuoEeXN1tQD8iwi0h1LQ3cI2HlmM=", "last_login": "2023-03-08T18:53:18.716Z", "is_superuser": true, "username": "Lakshmi1188", "first_name": "Sreelakshmi", "last_name": "", "email": "smenon1188@yahoo.com", "is_staff": true, "is_active": true, "date_joined": "2022-10-08T14:09:59Z", "groups": [], "user_permissions": []}}, {"model": "auth.user", "pk": 2, "fields": {"password": "pbkdf2_sha256$260000$dyaPK1yA5YMfycvI9u0f0p$7LNNMG8U6Ah7gZE7109YTlcmpjn6YrPxRWjOs3Mm8Sc=", "last_login": "2022-10-30T14:29:32.080Z", "is_superuser": false, "username": "anusree", "first_name": "", "last_name": "", "email": "", "is_staff": false, "is_active": true, "date_joined": "2022-10-21T20:58:55.806Z", "groups": [], "user_permissions": []}}, {"model": "auth.user", "pk": 3, "fields": {"password": "pbkdf2_sha256$260000$qIOmWzkvRGXsjJHYw6S08v$oZdvYOvnuKri185m7yQ/pBQO22oEy+uEKMORwrY7dxc=", "last_login": "2023-03-08T14:08:22.459Z", "is_superuser": false, "username": "anusree2714", "first_name": "Anusree", "last_name": "", "email": "anusree2714@gmail.com", "is_staff": false, "is_active": true, "date_joined": "2022-10-21T21:01:27.516Z", "groups": [], "user_permissions": []}}, {"model": "auth.user", "pk": 4, "fields": {"password": "pbkdf2_sha256$260000$F8YLL1kGbuIwQJrFrIf7Pp$Y/3SOHBSF5R+bSYYW1WxViX50Lz72qRJ7Rn8ppb4Fsk=", "last_login": "2022-10-22T13:37:39.041Z", "is_superuser": false, "username": "narender", "first_name": "", "last_name": "", "email": "", "is_staff": false, "is_active": true, "date_joined": "2022-10-22T13:31:15.263Z", "groups": [], "user_permissions": []}}, {"model": "auth.user", "pk": 5, "fields": {"password": "pbkdf2_sha256$260000$JLFgDFtizmFXq36X8jeQBA$+yoC+JgeGNO5UcMyHWvKiQ0EUEoS5nBNrUe7L7SXLJw=", "last_login": "2022-10-23T14:34:16.768Z", "is_superuser": false, "username": "Lakshmi1234", "first_name": "", "last_name": "", "email": "", "is_staff": false, "is_active": true, "date_joined": "2022-10-23T00:13:54.422Z", "groups": [], "user_permissions": []}}, {"model": "auth.user", "pk": 6, "fields": {"password": "pbkdf2_sha256$260000$dvvNuhQ14ulyiNjauPMTFs$NiLmtWSagTCcNiJcbFkIjlnTNT/4KVbERzF2ipirpMs=", "last_login": "2022-10-25T21:41:59.765Z", "is_superuser": true, "username": "tutor", "first_name": "", "last_name": "", "email": "", "is_staff": true, "is_active": true, "date_joined": "2022-10-25T21:41:49.212Z", "groups": [], "user_permissions": []}}, {"model": "auth.user", "pk": 7, "fields": {"password": "pbkdf2_sha256$260000$LEbrJ3rWoz66Ifnp72IKcU$qHcsEq3L6BER77e1fpnPzZzEIAAfAUYiuPNYr8avMVs=", "last_login": "2022-10-26T21:06:36.405Z", "is_superuser": false, "username": "aneesh1785", "first_name": "", "last_name": "", "email": "", "is_staff": false, "is_active": true, "date_joined": "2022-10-26T21:06:35.874Z", "groups": [], "user_permissions": []}}, {"model": "auth.user", "pk": 8, "fields": {"password": "pbkdf2_sha256$260000$IQzmgMRly8xqIW7aCwyZiq$VB+CY7vJ4MIMJ8aHqhyVPfj//GXuLAOOyATGniJ/+9k=", "last_login": "2022-11-17T14:14:05.148Z", "is_superuser": false, "username": "admins", "first_name": "", "last_name": "", "email": "", "is_staff": false, "is_active": true, "date_joined": "2022-11-17T14:14:04.659Z", "groups": [], "user_permissions": []}}, {"model": "auth.user", "pk": 9, "fields": {"password": "pbkdf2_sha256$260000$G9JcjM3zkLVUrprOhiOi0D$TxmHZ2BkGxYuSDkFHPLcc7p+tANiZ9nbIpy49K1NCcU=", "last_login": "2022-11-23T03:30:32.743Z", "is_superuser": false, "username": "eval1", "first_name": "", "last_name": "", "email": "", "is_staff": false, "is_active": true, "date_joined": "2022-11-23T03:30:32.069Z", "groups": [], "user_permissions": []}}, {"model": "auth.user", "pk": 10, "fields": {"password": "pbkdf2_sha256$260000$SggvrJzTZAdLbnboLympwA$2erCEyXIQjWTe0mjn4Q+fSUA4OZ1TX5jL4mr70VbgEc=", "last_login": "2022-11-23T11:23:42.692Z", "is_superuser": false, "username": "Sourojit", "first_name": "", "last_name": "", "email": "", "is_staff": false, "is_active": true, "date_joined": "2022-11-23T11:23:42.156Z", "groups": [], "user_permissions": []}}, {"model": "auth.user", "pk": 11, "fields": {"password": "pbkdf2_sha256$260000$tdJPDsMcSI9WQVO4jtLlBC$IeZ44rJ8deRFnyfJcJXr4NnB7q1hTKGe794HTJrqlNg=", "last_login": "2023-02-24T20:03:03.911Z", "is_superuser": false, "username": "django2000", "first_name": "Django", "last_name": "", "email": "django80@gmail.com", "is_staff": false, "is_active": true, "date_joined": "2023-02-24T20:03:03.513Z", "groups": [], "user_permissions": []}}, {"model": "auth.user", "pk": 12, "fields": {"password": "pbkdf2_sha256$260000$0FHzvglm0QEP8dr0duFZqr$JJircs8OK1K1+6fYqBvtWs1BP0WujOO6D8Vy2uqm+nw=", "last_login": "2023-03-06T21:04:12.401Z", "is_superuser": false, "username": "model", "first_name": "Model", "last_name": "", "email": "model123@hotmail.com", "is_staff": false, "is_active": true, "date_joined": "2023-02-26T20:18:36.182Z", "groups": [], "user_permissions": []}}, {"model": "auth.user", "pk": 13, "fields": {"password": "pbkdf2_sha256$260000$6ZFkYD6KywOaMVkbFVbqCX$3mxsE9iRG+vWPpdgx3kOrM9+9L7xwcNH449be0FZYPQ=", "last_login": "2023-03-08T09:17:57.210Z", "is_superuser": false, "username": "johndoe", "first_name": "", "last_name": "", "email": "", "is_staff": false, "is_active": true, "date_joined": "2023-03-04T07:14:43.434Z", "groups": [], "user_permissions": []}}, {"model": "auth.user", "pk": 14, "fields": {"password": "pbkdf2_sha256$260000$tOA2gqOP8MIXrsy9wDoXSc$nOJQUEWOL/aX7zica1dT47ctS9IgLwjqMJ2s+EaTqZA=", "last_login": "2023-03-06T20:01:03.104Z", "is_superuser": false, "username": "Aneesh", "first_name": "Aneesh", "last_name": "", "email": "aneesh.vijayan@gmail.com", "is_staff": false, "is_active": true, "date_joined": "2023-03-06T20:01:02.697Z", "groups": [], "user_permissions": []}}, {"model": "auth.user", "pk": 15, "fields": {"password": "pbkdf2_sha256$260000$kwccmQU7qHgDCi8JcGQ3UV$7y2Togfm/dfXq61gMQ9oBF7JdTMTvvEwJl8SMQGr4BU=", "last_login": "2023-03-06T20:26:47.239Z", "is_superuser": false, "username": "Reenu", "first_name": "Manusree", "last_name": "", "email": "test@gmail.com", "is_staff": false, "is_active": true, "date_joined": "2023-03-06T20:26:46.856Z", "groups": [], "user_permissions": []}}, {"model": "auth.user", "pk": 16, "fields": {"password": "pbkdf2_sha256$260000$OOcpmqcIJZNYByiWldSEDc$DGAIdO+3yamDt/1qNGoV25WY0eXDulsck7cWLHNwLFQ=", "last_login": "2023-03-06T20:31:42.216Z", "is_superuser": false, "username": "Saru", "first_name": "Saru", "last_name": "", "email": "testsaru@gmail.com", "is_staff": false, "is_active": true, "date_joined": "2023-03-06T20:31:41.842Z", "groups": [], "user_permissions": []}}, {"model": "auth.user", "pk": 17, "fields": {"password": "pbkdf2_sha256$260000$6T1wSn5C9oJDjQAH5Q8jQP$i7fdyHsSZIZ7DAxZE6ntti/rvM1MHD8vKNoOmOQRl7c=", "last_login": "2023-03-06T21:06:32.381Z", "is_superuser": false, "username": "aadhi", "first_name": "", "last_name": "", "email": "", "is_staff": false, "is_active": true, "date_joined": "2023-03-06T21:06:31.867Z", "groups": [], "user_permissions": []}}, {"model": "auth.user", "pk": 18, "fields": {"password": "pbkdf2_sha256$260000$TRGGIN007vejxZCPytyOBN$vNbABi3DDQjD1nCVJtywDfDD0rLVoitRexXvoPlUS9E=", "last_login": "2023-03-08T12:59:57.835Z", "is_superuser": false, "username": "betul", "first_name": "", "last_name": "", "email": "", "is_staff": false, "is_active": true, "date_joined": "2023-03-08T09:49:18.855Z", "groups": [], "user_permissions": []}}, {"model": "sessions.session", "pk": "00jijbzoze0s8y3uwmyc79svvc72psjh", "fields": {"session_data": "e30:1omDDS:CEQWkPxMLKM3TsR_FuEXLQLXfE4H9cs3z8djFu18wrU", "expire_date": "2022-11-05T12:03:02.137Z"}}, {"model": "sessions.session", "pk": "0mfn9yvxppzs5gqhl2g7t41zyzunb5u5", "fields": {"session_data": ".eJxVjkEOwiAURO_C2hAolEKX7j0D-fB_LWqgKW2iMd5da7rQ7bw3k3kyD-sy-rXS7BOynkl2-M0CxCvlDeAF8rnwWPIyp8A3he-08lNBuh13929ghDp-2hCMtS2JNpKNgEYqMsI1JFunFKEB0nog6zAMEl1AqUA73YkOVBys_b6qVGsq2dN9SvOD9bIRzgjxegMk80Cx:1onSPZ:3nIsVyaU8F2-aTttiHwxTq8x3SmNm1DSeyReFyLNOoA", "expire_date": "2022-11-08T22:28:41.962Z"}}, {"model": "sessions.session", "pk": "0vb9j1cl569phgrlz3mwnkzr4oqro9pf", "fields": {"session_data": ".eJxVjkEOwiAURO_C2hAQSqFL956BfPi_FjVgoE00xrtrTRe6nfdmMk_mYZknvzSqPiEbmGS73yxAvFBeAZ4hnwqPJc81Bb4qfKONHwvS9bC5fwMTtOnThmCs7Uh0kWwENFKREW5PsnNKERogrUeyDsMo0QWUCrTTvehBxdHa76tGraWSPd1vqT7YIF5vpV4_fw:1ooMEk:MzEe4e8-CukUjKactnXv7OV98_r3DaB_Jal9Ml1aTXE", "expire_date": "2022-11-11T10:05:14.365Z"}}, {"model": "sessions.session", "pk": "19mt63okvx6eyg4euqqyca7dtfgyb54v", "fields": {"session_data": ".eJxVjMsOwiAQRf-FtSGMPAou3fcbyMAMUjU0Ke3K-O_apAvd3nPOfYmI21rj1nmJE4mLAHH63RLmB7cd0B3bbZZ5busyJbkr8qBdjjPx83q4fwcVe_3WmJz3lpXN7DOSA81OhTODDVozOWRjCvtAqQCFRKDRBDOoAXUu3oN4fwD14DhC:1oiMS3:Eud_BoZlGiu2EQASR_cA0eWazC-OW6Cc9ZZUcI6EdXg", "expire_date": "2022-10-25T21:06:11.255Z"}}, {"model": "sessions.session", "pk": "3mtfvwbid80k35f57ypbewz9euqhzo2r", "fields": {"session_data": ".eJxVjMsOwiAQRf-FtSHl1YEu3fsNZBjAooaa0iYa479rky50e8-558U8rsvo15ZmXyIbmLDs8DsGpGuqG4kXrOeJ01SXuQS-KXynjZ-mmG7H3f0LjNjG71uB6wCzFgDZECidRQRFBqJAabUgyqhAKrQOknTOKpOkNoFcT33swxZtqbUyVZ8e9zI_2dC9P5J9PtI:1pZtOf:OBx8QJzEyiKliEtZ6aQfm7F3l_3h7AaES4CbjyyZXbs", "expire_date": "2023-03-22T12:59:57.840Z"}}, {"model": "sessions.session", "pk": "41fu88ge587h4uejqmauwt3feoepkifn", "fields": {"session_data": ".eJxVjkEOwiAURO_C2hAolEKX7j0D-fB_LWqgKW2iMd5da7rQ7bw3k3kyD-sy-rXS7BOynkl2-M0CxCvlDeAF8rnwWPIyp8A3he-08lNBuh13929ghDp-2hCMtS2JNpKNgEYqMsI1JFunFKEB0nog6zAMEl1AqUA73YkOVBys_b6qVGsq2dN9SvOD9bIRzgjxegMk80Cx:1ooP9O:0lIfgjrfktHUpcsX9U--VR1Am7xyWfyHHXlseTOchh8", "expire_date": "2022-11-11T13:11:54.828Z"}}, {"model": "sessions.session", "pk": "4i4r873ifrb9lr90nbp7dkqyep8nv447", "fields": {"session_data": ".eJxVjMsOwiAQRf-FtSGMPAou3fcbyMAMUjU0Ke3K-O_apAvd3nPOfYmI21rj1nmJE4mLAHH63RLmB7cd0B3bbZZ5busyJbkr8qBdjjPx83q4fwcVe_3WmJz3lpXN7DOSA81OhTODDVozOWRjCvtAqQCFRKDRBDOoAXUu3oN4fwD14DhC:1olE1C:vhq0H30nu6h6cRea9G7bYE0fbYvOMBhCrdfrGnR83OA", "expire_date": "2022-11-02T18:42:18.347Z"}}, {"model": "sessions.session", "pk": "4iuee5c4crau2mdfyggci807swow42y2", "fields": {"session_data": ".eJxVjkEOwiAURO_C2hAQSqFL956BfPi_FjVgoE00xrtrTRe6nfdmMk_mYZknvzSqPiEbmGS73yxAvFBeAZ4hnwqPJc81Bb4qfKONHwvS9bC5fwMTtOnThmCs7Uh0kWwENFKREW5PsnNKERogrUeyDsMo0QWUCrTTvehBxdHa76tGraWSPd1vqT7YIF5vpV4_fw:1pZHd9:QnC0_VYmoc0znXjLsxmI9pjC-oqRg_2pVq8tq_m6u4k", "expire_date": "2023-03-20T20:40:23.864Z"}}, {"model": "sessions.session", "pk": "5j4mv9p3z7dho066hh5vriavpotnmf33", "fields": {"session_data": ".eJxVjMsOwiAQRf-FtSGMPAou3fcbyMAMUjU0Ke3K-O_apAvd3nPOfYmI21rj1nmJE4mLAHH63RLmB7cd0B3bbZZ5busyJbkr8qBdjjPx83q4fwcVe_3WmJz3lpXN7DOSA81OhTODDVozOWRjCvtAqQCFRKDRBDOoAXUu3oN4fwD14DhC:1ojTI2:2xmdU7dGTHlnMuNaYNV2bVV6X-RJ8HuP-j3GsvXOzlQ", "expire_date": "2022-10-28T22:36:26.374Z"}}, {"model": "sessions.session", "pk": "5jobxgzjompno9ym3hvz4mjte5232fz1", "fields": {"session_data": "e30:1omDDc:tVv951cEPWkd6qRE76LGWEM5OozkdFN_VcGGFDAGrv0", "expire_date": "2022-11-05T12:03:12.420Z"}}, {"model": "sessions.session", "pk": "6g6osxi2u0s2qwa67r8q6gcd8alqn6ri", "fields": {"session_data": ".eJxVjMsOwiAQRf-FtSGMPAou3fcbyMAMUjU0Ke3K-O_apAvd3nPOfYmI21rj1nmJE4mLAHH63RLmB7cd0B3bbZZ5busyJbkr8qBdjjPx83q4fwcVe_3WmJz3lpXN7DOSA81OhTODDVozOWRjCvtAqQCFRKDRBDOoAXUu3oN4fwD14DhC:1ohy4Z:vNgEdLilLeMPBTlRP1eY0z-ftcHlw2sN6ozQV7dI9B8", "expire_date": "2022-10-24T19:04:19.220Z"}}, {"model": "sessions.session", "pk": "6i5vndqz3fxlzk0p3vjfvhb5zkf2mj03", "fields": {"session_data": "e30:1ok9rb:vQ_w7_pF2AzexAsBumBKuBx45R_6J8lMZ8Y2cyYufbM", "expire_date": "2022-10-30T20:03:59.802Z"}}, {"model": "sessions.session", "pk": "7l3qjjxczi6bk01lgnv8h4a7hrqe2txh", "fields": {"session_data": ".eJxVjkEOwiAURO_C2hAQSqFL956BfPi_FjVgoE00xrtrTRe6nfdmMk_mYZknvzSqPiEbmGS73yxAvFBeAZ4hnwqPJc81Bb4qfKONHwvS9bC5fwMTtOnThmCs7Uh0kWwENFKREW5PsnNKERogrUeyDsMo0QWUCrTTvehBxdHa76tGraWSPd1vqT7YIF5vpV4_fw:1onnea:FKccWr9o3XwdvOHBjr66YSOPMUniMoPP2hAIDSdZPNI", "expire_date": "2022-11-09T21:09:36.007Z"}}, {"model": "sessions.session", "pk": "8sblrel6xa1il2b3vjniqvk7uc7rj0lc", "fields": {"session_data": ".eJxVjMsOwiAQRf-FtSGMPAou3fcbyMAMUjU0Ke3K-O_apAvd3nPOfYmI21rj1nmJE4mLAHH63RLmB7cd0B3bbZZ5busyJbkr8qBdjjPx83q4fwcVe_3WmJz3lpXN7DOSA81OhTODDVozOWRjCvtAqQCFRKDRBDOoAXUu3oN4fwD14DhC:1ojnor:O-G7wpTK4VqDeFq_JsvBw72ez12EF9JohtpTtv2jUZg", "expire_date": "2022-10-29T20:31:41.815Z"}}, {"model": "sessions.session", "pk": "8ziemcn0j7shzs4wysbzb5581wcaq7aj", "fields": {"session_data": "e30:1okVTB:DBzCxEZVHfDkayFH90qdFEC7AXJLGY4N8ZfzHn1t7LA", "expire_date": "2022-10-31T19:08:13.224Z"}}, {"model": "sessions.session", "pk": "9sl0zwaqbxavpnuf8mt8jf2xgnemv6a7", "fields": {"session_data": ".eJxVjMsOwiAQRf-FtSGMPAou3fcbyMAMUjU0Ke3K-O_apAvd3nPOfYmI21rj1nmJE4mLAHH63RLmB7cd0B3bbZZ5busyJbkr8qBdjjPx83q4fwcVe_3WmJz3lpXN7DOSA81OhTODDVozOWRjCvtAqQCFRKDRBDOoAXUu3oN4fwD14DhC:1ohAfJ:8ZzwNleDjlegwFKT23Nux6SlvTM1jiOYEYUqQGPaUEo", "expire_date": "2022-10-22T14:18:57.189Z"}}, {"model": "sessions.session", "pk": "9xeceh5crniazs71etvpzlpzg97695o8", "fields": {"session_data": ".eJxVjMEOwiAQRP-FsyGypaV49O43kGV3kaqBpLQn47_bJj3oYS7z3sxbBVyXHNYmc5hYXZQBdfotI9JTyk74geVeNdWyzFPUu6IP2vStsryuh_t3kLHlbW2dE-y5iwKJz72zhhyMIh1GQkMp4QBiDRCR2AEcInpO4Am2jOzV5wsw0DlO:1pWNTg:vcCMKCVFbGKvjnvZlkIRDelXeYlt8zfItQe-1YgScLQ", "expire_date": "2023-03-12T20:18:36.678Z"}}, {"model": "sessions.session", "pk": "amo5gl9xun9v0nv5o61qtyfbgsbndotz", "fields": {"session_data": ".eJxVjkEOwiAURO_C2hAQSqFL956BfPi_FjVgoE00xrtrTRe6nfdmMk_mYZknvzSqPiEbmGS73yxAvFBeAZ4hnwqPJc81Bb4qfKONHwvS9bC5fwMTtOnThmCs7Uh0kWwENFKREW5PsnNKERogrUeyDsMo0QWUCrTTvehBxdHa76tGraWSPd1vqT7YIF5vpV4_fw:1ovfoG:uGYRoVcp8MQ1qtjI1qmQwt5DKK_48BUfSCXQcYr0erE", "expire_date": "2022-12-01T14:24:08.259Z"}}, {"model": "sessions.session", "pk": "bhaqdu3lzrhtd7fgkjysw4dq3tdub13u", "fields": {"session_data": ".eJxVjkEOwiAURO_C2hAQSqFL956BfPi_FjVgoE00xrtrTRe6nfdmMk_mYZknvzSqPiEbmGS73yxAvFBeAZ4hnwqPJc81Bb4qfKONHwvS9bC5fwMTtOnThmCs7Uh0kWwENFKREW5PsnNKERogrUeyDsMo0QWUCrTTvehBxdHa76tGraWSPd1vqT7YIF5vpV4_fw:1oktmS:_NoHQWNhuZuHqWCKPQORUucj50aSiLs52Xl-oOMXDno", "expire_date": "2022-11-01T21:05:44.969Z"}}, {"model": "sessions.session", "pk": "c9yjxthwlnrs3bu4npo0lab0yqvxkslq", "fields": {"session_data": ".eJxVjkEOwiAURO_C2hAQSqFL956BfPi_FjVgoE00xrtrTRe6nfdmMk_mYZknvzSqPiEbmGS73yxAvFBeAZ4hnwqPJc81Bb4qfKONHwvS9bC5fwMTtOnThmCs7Uh0kWwENFKREW5PsnNKERogrUeyDsMo0QWUCrTTvehBxdHa76tGraWSPd1vqT7YIF5vpV4_fw:1pWkwa:A8t11OlYxLTt8pZTg4eLE9t8Gz4z_le9wERcapujwV8", "expire_date": "2023-03-13T21:22:00.878Z"}}, {"model": "sessions.session", "pk": "cohma8ewbjfhjfjrldlzvjkm4r9vw7o0", "fields": {"session_data": ".eJxVjMsOwiAQRf-FtSGMPAou3fcbyMAMUjU0Ke3K-O_apAvd3nPOfYmI21rj1nmJE4mLAHH63RLmB7cd0B3bbZZ5busyJbkr8qBdjjPx83q4fwcVe_3WmJz3lpXN7DOSA81OhTODDVozOWRjCvtAqQCFRKDRBDOoAXUu3oN4fwD14DhC:1ohbfo:smhZ_LAnheI8np8dv8c9Vmj0PIBK_qJyWM0IraAPC6w", "expire_date": "2022-10-23T19:09:16.855Z"}}, {"model": "sessions.session", "pk": "cxk3te64gg34zjj43ir01rrd37bqxrdq", "fields": {"session_data": ".eJxVjDsOwjAQBe_iGlk4_lPS5wzW7tqLA8iW8qkQd4dIKaB9M_NeIsG21rQtZU5TFhcRxel3Q6BHaTvId2i3Lqm3dZ5Q7oo86CLHnsvzerh_BxWW-q0Dm6CVReOHMESFoIAKm6LPhMgBi4uZ0DJFp2FwwWtitJYAbOToWbw_-YY43Q:1oxgT2:12et4GuhcWLrp8gSe-KZ73Nns1QOJrBdPwT8gMUBGgc", "expire_date": "2022-12-07T03:30:32.747Z"}}, {"model": "sessions.session", "pk": "dp571e8pastljouomg6ah1x7ocaz9dpa", "fields": {"session_data": ".eJxVjkEOwiAURO_C2hAQSqFL956BfPi_FjVgoE00xrtrTRe6nfdmMk_mYZknvzSqPiEbmGS73yxAvFBeAZ4hnwqPJc81Bb4qfKONHwvS9bC5fwMTtOnThmCs7Uh0kWwENFKREW5PsnNKERogrUeyDsMo0QWUCrTTvehBxdHa76tGraWSPd1vqT7YIF5vpV4_fw:1okVTW:QFFiFxmS84luFso8zsbsaGzUtaPV8-u6zrCBmj2WSHg", "expire_date": "2022-10-31T19:08:34.537Z"}}, {"model": "sessions.session", "pk": "ekuu9x5ar14eb0iubwm2lwfd0i9hhpdv", "fields": {"session_data": "e30:1okVPW:oh5wB96Ga10pU3tp2wm6MI9FnLBF3dLZsCGxn3P3kTo", "expire_date": "2022-10-31T19:04:26.423Z"}}, {"model": "sessions.session", "pk": "esm45x8xkqrqte83mhws0vshuy85g713", "fields": {"session_data": ".eJxVjEEOwiAQRe_C2hA6QEu7dO8ZyMBMLWrAlDbRGO-uTbrQ7X_vv5fwuC6TXyvPPpEYhBaH3y1gvHLeAF0wn4uMJS9zCnJT5E6rPBXi23F3_wIT1un77oLRyKSjBk1qBBubprGK0IwtORM7MKbX4Ci0qNh2CKAdW2Nd3wZA2KKVa00le37c0_wUg3p_AHJFPm4:1omh57:qOPc7I0Hh2wUDXBXFeySRlz8pi7baD4rLlcXC4TKimw", "expire_date": "2022-11-06T19:56:25.119Z"}}, {"model": "sessions.session", "pk": "f6x0mfzzoeji9na1zqs613ow1c9jaoia", "fields": {"session_data": "e30:1okWyW:_Of9ov4O19tl7ORGq6xYeD2qrJhJR2Ca-vaN7gtP-Fc", "expire_date": "2022-10-31T20:44:40.352Z"}}, {"model": "sessions.session", "pk": "hi2iv0tfxdha6j9zm3ch2pwjiqjp9z0w", "fields": {"session_data": ".eJxVjEEOwiAQRe_C2hCG4FBcuvcMZBimUjWQlHbVeHdt0oVu_3vvbyrSupS4dpnjlNVFDer0uyXip9Qd5AfVe9Pc6jJPSe-KPmjXt5bldT3cv4NCvXxrYOfFZfGWzxDIBQTCBNmMAGLZmzwiMtkweDbkQ0AvnCxKAkgIoN4f5lA3zw:1ovfeX:PK-kwmPKJrGwxzd2VUAvRjB9WmHCTBMSoAKI3QkjIwg", "expire_date": "2022-12-01T14:14:05.151Z"}}, {"model": "sessions.session", "pk": "i68c7bqg7d0842la13ppx8w4gxu5hckh", "fields": {"session_data": ".eJxVjkEOwiAURO_C2hAQSqFL956BfPi_FjVgoE00xrtrTRe6nfdmMk_mYZknvzSqPiEbmGS73yxAvFBeAZ4hnwqPJc81Bb4qfKONHwvS9bC5fwMTtOnThmCs7Uh0kWwENFKREW5PsnNKERogrUeyDsMo0QWUCrTTvehBxdHa76tGraWSPd1vqT7YIF5vpV4_fw:1onpFP:8V0dg-LbpXCGDfK03R-I_vpWT40sreixoI1Rsp-_Mw4", "expire_date": "2022-11-09T22:51:43.653Z"}}, {"model": "sessions.session", "pk": "jxve8gmgnhdyr0g0og86ds4j5prjfowq", "fields": {"session_data": ".eJxVjEEOwiAQRe_C2pBpwNJx6d4zkIEZLGrAlDbRGO-uTbrQ7X_vv5fytMyjX5pMPrM6qE7tfrdA8SplBXyhcq461jJPOehV0Rtt-lRZbsfN_QuM1MbvO7oeiCUMnWCMiJASB6Bhj2jEOJHeIRAYAwNbG03qrU0J0UHnmI1do01ay7V4edzz9FQHeH8Aop0_Kg:1pZyuc:vOYM70PBJbt43zezWOsdeK4MjA_OBh5kD4YzlxKG4OY", "expire_date": "2023-03-22T18:53:18.738Z"}}, {"model": "sessions.session", "pk": "nsiqi0gm84ruoe6p615b6xkxum2r7mso", "fields": {"session_data": ".eJxVjEEOwiAQRe_C2pCW4hS6dO8ZyAxDLWrAQJtojHe3TbrQ7X_vv7dwuMyTW2ooLrIYhBaH343Q30LaAF8xXbL0Oc0lktwUudMqz5nD_bS7f4EJ67S-W4OGyeuGtSXoGgLlYSQFKjAieDRm1EDUAq-gM5311ip7hEC9B-63aA21xpxceD5ieYmh-XwBpw8_gA:1omEh1:dkD3cWzTJkYhHS24IUUry7BVPCkQCYYXzmR2wX-LWwY", "expire_date": "2022-11-05T13:37:39.065Z"}}, {"model": "sessions.session", "pk": "p7u60pxi9chqp7yydh4lg2cmiqaoa9mp", "fields": {"session_data": ".eJxVjEEOwiAQRe_C2pBCoXa6dO8ZyMBMLWrAQJtojHe3TbrQ7X_vv7dwuMyTWyoXF0kMohWH381juHHaAF0xXbIMOc0lerkpcqdVnjPx_bS7f4EJ67S--942gMxed6A1GQz90XhrOm6hRatGC4o1NwqspoA8ditSRAoJyFjYopVrjTk5fj5ieYmh-XwBgOg_Hw:1pXIyl:mK1khZfq1b7xvD3IZGMa95KttOvOh9IF5a5Iz9ZlOOY", "expire_date": "2023-03-15T09:42:31.171Z"}}, {"model": "sessions.session", "pk": "plrqvrnkjargc63ioh5hhzcmoi4jk880", "fields": {"session_data": ".eJxVjEsOwjAMBe-SNYocJTQxS_acoXJshxZQIvWzqrg7VOoCtm9m3mZ6WpehX2ed-lHMxThz-t0y8VPrDuRB9d4st7pMY7a7Yg8621sTfV0P9-9goHn41hw7INGcnCIzIpQiGSidEb36qNpFBALvIUkI7EsXQimIEVwU8cG8P_nDN-0:1pYasS:oJhU6g6_XLb_NuYEEzDunag_NXc2IaacmL01b1WhoLY", "expire_date": "2023-03-18T23:01:20.384Z"}}, {"model": "sessions.session", "pk": "prl3oihuhecevj9efuzkfkz91esmt8k5", "fields": {"session_data": ".eJxVjkEOwiAURO_C2hAQSqFL956BfPi_FjVgoE00xrtrTRe6nfdmMk_mYZknvzSqPiEbmGS73yxAvFBeAZ4hnwqPJc81Bb4qfKONHwvS9bC5fwMTtOnThmCs7Uh0kWwENFKREW5PsnNKERogrUeyDsMo0QWUCrTTvehBxdHa76tGraWSPd1vqT7YIF5vpV4_fw:1ooARF:BUlc1J4Ot8VHVQfHTegwOL4rMoEqLb0N8U9-1K8vxao", "expire_date": "2022-11-10T21:29:21.485Z"}}, {"model": "sessions.session", "pk": "qq6t5yer96tvq1q7tn22pyufha3gwnun", "fields": {"session_data": ".eJxVjMsOwiAQRf-FtSGMPAou3fcbyMAMUjU0Ke3K-O_apAvd3nPOfYmI21rj1nmJE4mLAHH63RLmB7cd0B3bbZZ5busyJbkr8qBdjjPx83q4fwcVe_3WmJz3lpXN7DOSA81OhTODDVozOWRjCvtAqQCFRKDRBDOoAXUu3oN4fwD14DhC:1oiJwW:QxcGy-KcL6mXYvOvi9nohFLNQJxCHVJz24TDm2PWprE", "expire_date": "2022-10-25T18:25:28.203Z"}}, {"model": "sessions.session", "pk": "rotwd9snrj7hpa6d0cfqporjibn4ymp4", "fields": {"session_data": ".eJxVjkEOwiAURO_C2hAQSqFL956BfPi_FjVgoE00xrtrTRe6nfdmMk_mYZknvzSqPiEbmGS73yxAvFBeAZ4hnwqPJc81Bb4qfKONHwvS9bC5fwMTtOnThmCs7Uh0kWwENFKREW5PsnNKERogrUeyDsMo0QWUCrTTvehBxdHa76tGraWSPd1vqT7YIF5vpV4_fw:1ooAh1:s8K3u1ig39Np8aLkJvR11YX2nA7fFoNh0ZnXmft4PWE", "expire_date": "2022-11-10T21:45:39.762Z"}}, {"model": "sessions.session", "pk": "rreb0xuhrbdbvvbco75hoxt05paxyxk9", "fields": {"session_data": ".eJxVjkEOwiAURO_C2hAolEKX7j0D-fB_LWqgKW2iMd5da7rQ7bw3k3kyD-sy-rXS7BOynkl2-M0CxCvlDeAF8rnwWPIyp8A3he-08lNBuh13929ghDp-2hCMtS2JNpKNgEYqMsI1JFunFKEB0nog6zAMEl1AqUA73YkOVBys_b6qVGsq2dN9SvOD9bIRzgjxegMk80Cx:1on18z:o5ybrPcYQvfgUHJcmNQE_pprfln56jT0A_9XnL7RC-8", "expire_date": "2022-11-07T17:21:45.194Z"}}, {"model": "sessions.session", "pk": "s35i3w422qtcx10yp1ru483xfk80t9cd", "fields": {"session_data": ".eJxVjMsOwiAQRf-FtSGMPAou3fcbyMAMUjU0Ke3K-O_apAvd3nPOfYmI21rj1nmJE4mLAHH63RLmB7cd0B3bbZZ5busyJbkr8qBdjjPx83q4fwcVe_3WmJz3lpXN7DOSA81OhTODDVozOWRjCvtAqQCFRKDRBDOoAXUu3oN4fwD14DhC:1onm8D:APtnxK05pDX7rmet4wc7ePYpvmUKINFVHZjg2la2l9Y", "expire_date": "2022-11-09T19:32:05.027Z"}}, {"model": "sessions.session", "pk": "t5kzbbw4kxpjfgu3erxt9asutl054rsg", "fields": {"session_data": ".eJxVjMsOwiAQRf-FtSE8igWX7vsNZJhhpGogKe3K-O_apAvd3nPOfYkI21ri1vMSZxIXoZU4_Y4J8JHrTugO9dYktrouc5K7Ig_a5dQoP6-H-3dQoJdvDQaI9MBMo87BK1BswGeH4-DQJEZHAVBD8sRJZ_TsztYisyXrMaB4fwBDvjnh:1oxnqw:bRD3V35-nWb8FLwh5j1nCPMKs-_ZqbOJBiqYiXHwirQ", "expire_date": "2022-12-07T11:23:42.695Z"}}, {"model": "sessions.session", "pk": "tgcmt2dlhxbqwl0mkg3xmom49n51d916", "fields": {"session_data": ".eJxVjMsOwiAQRf-FtSGMPAou3fcbyMAMUjU0Ke3K-O_apAvd3nPOfYmI21rj1nmJE4mLAHH63RLmB7cd0B3bbZZ5busyJbkr8qBdjjPx83q4fwcVe_3WmJz3lpXN7DOSA81OhTODDVozOWRjCvtAqQCFRKDRBDOoAXUu3oN4fwD14DhC:1oj2r6:TMMgzEK5sReGov0Bjm4OFpae84nrfH4ehUF6hc08CIg", "expire_date": "2022-10-27T18:22:52.768Z"}}, {"model": "sessions.session", "pk": "uik0c1noedbww917ti5llue4m2nnashb", "fields": {"session_data": ".eJxVjMsOwiAQRf-FtSGMPAou3fcbyMAMUjU0Ke3K-O_apAvd3nPOfYmI21rj1nmJE4mLAHH63RLmB7cd0B3bbZZ5busyJbkr8qBdjjPx83q4fwcVe_3WmJz3lpXN7DOSA81OhTODDVozOWRjCvtAqQCFRKDRBDOoAXUu3oN4fwD14DhC:1oiZsX:Ce0p_OFuz25HGmiYDiFTyB1Gv0oAYl1ewLLUJJDmH_c", "expire_date": "2022-10-26T11:26:25.838Z"}}, {"model": "sessions.session", "pk": "wxuogp8zzl575ym723fumqtpx3mrb4mg", "fields": {"session_data": ".eJxVjkEOwiAURO_C2hAolEKX7j0D-fB_LWqgKW2iMd5da7rQ7bw3k3kyD-sy-rXS7BOynkl2-M0CxCvlDeAF8rnwWPIyp8A3he-08lNBuh13929ghDp-2hCMtS2JNpKNgEYqMsI1JFunFKEB0nog6zAMEl1AqUA73YkOVBys_b6qVGsq2dN9SvOD9bIRzgjxegMk80Cx:1on6HP:Fv8alVuHW7esJ3Ns_SB72p6toFQRyaonzZQ5HO80LqI", "expire_date": "2022-11-07T22:50:47.770Z"}}, {"model": "sessions.session", "pk": "xet7kx6n9ufnitmxddny4xg89f857mp4", "fields": {"session_data": ".eJxVjEEOwiAQRe_C2pBpwNJx6d4zkIEZLGrAlDbRGO-uTbrQ7X_vv5fytMyjX5pMPrM6qE7tfrdA8SplBXyhcq461jJPOehV0Rtt-lRZbsfN_QuM1MbvO7oeiCUMnWCMiJASB6Bhj2jEOJHeIRAYAwNbG03qrU0J0UHnmI1do01ay7V4edzz9FQHeH8Aop0_Kg:1pWH6J:NDQgDfA6gcgRdkt6DfDTfl57Sy8z1LNbeItoeEzDg5g", "expire_date": "2023-03-12T13:30:03.678Z"}}, {"model": "sessions.session", "pk": "y2s7r21szfsfej4xm2w6e5a25t2cpbrn", "fields": {"session_data": ".eJxVjkEOwiAURO_C2hAolEKX7j0D-fB_LWqgKW2iMd5da7rQ7bw3k3kyD-sy-rXS7BOynkl2-M0CxCvlDeAF8rnwWPIyp8A3he-08lNBuh13929ghDp-2hCMtS2JNpKNgEYqMsI1JFunFKEB0nog6zAMEl1AqUA73YkOVBys_b6qVGsq2dN9SvOD9bIRzgjxegMk80Cx:1oxoj1:fmzy3QN2-y8eQ7nMAxWRWB952rnLJR2Jp1clBrcGfyM", "expire_date": "2022-12-07T12:19:35.527Z"}}, {"model": "sessions.session", "pk": "y2xyvbdrke46qn0zxz3zf8b3j6e5i004", "fields": {"session_data": ".eJxVjDsOwjAQBe_iGlmJjX-U9JzBWu-ucQDZUpxUiLuTSCmgfTPz3iLCupS4dp7jROIirDj9bgnwyXUH9IB6bxJbXeYpyV2RB-3y1ohf18P9OyjQy1ZrQsxZm6ysIXTeqRHRA0F2G1IhGFCWz0jKonGktTOceITgB7RDBvH5Ag52OM8:1onRgN:1Eq8Dd65zPpNuoELClCJUNNlX9Rd6xkjtzqF2u4ESwU", "expire_date": "2022-11-08T21:41:59.786Z"}}, {"model": "sessions.session", "pk": "yr4aws91cxuwtynnyscreql1g0o3381j", "fields": {"session_data": "e30:1okVOt:FoLC_cQDlFBeLbVvUlvT1WrXAB23oUdmpBYejrF6PXw", "expire_date": "2022-10-31T19:03:47.609Z"}}, {"model": "sessions.session", "pk": "z0lis4jx8b31mo2u1fn4lovsy4ssn5gk", "fields": {"session_data": "e30:1omDDJ:cv9ZI7kqrXUs2hglOCx2UiPMEexkVjajb7qOjyuBOy4", "expire_date": "2022-11-05T12:02:53.674Z"}}, {"model": "sessions.session", "pk": "ziz6hg706k7en4bi7rjsocopakgaohju", "fields": {"session_data": ".eJxVjkEOwiAURO_C2hAQSqFL956BfPi_FjVgoE00xrtrTRe6nfdmMk_mYZknvzSqPiEbmGS73yxAvFBeAZ4hnwqPJc81Bb4qfKONHwvS9bC5fwMTtOnThmCs7Uh0kWwENFKREW5PsnNKERogrUeyDsMo0QWUCrTTvehBxdHa76tGraWSPd1vqT7YIF5vpV4_fw:1pZq0d:KHz22T0phliEi5i8EcS5ZD5BkdW1gr5Z4YUsVpeYeu8", "expire_date": "2023-03-22T09:22:55.638Z"}}, {"model": "sites.site", "pk": 1, "fields": {"domain": "example.com", "name": "example.com"}}, {"model": "account.emailaddress", "pk": 1, "fields": {"user": 1, "email": "laxmi@gamil.com", "verified": true, "primary": false}}, {"model": "blog.post", "pk": 1, "fields": {"title": "Masala milk", "slug": "masala-milk", "author": 1, "featured_image": "image/upload/v1666991091/boducapoir6w6labt1il.webp", "excerpt": "Masala milk is slightly sweetened milk nourished with cardamom, nutmeg and saffron. Warm milk is very delicious and it can be good for breakfast, snack and also as a dessert. It stays in the refrigerator for one or two days.", "meal_type": 3, "food_type": 5, "updated_on": "2023-03-08T19:14:00.326Z", "content": "<p style=\"text-align: justify; line-height: 1.8;\"><b><span style=\"font-family: Arial; font-size: 18px;\">Preparation time</span></b><span style=\"font-family: Arial; font-size: 18px;\">: 10 minutes</span></p><p style=\"text-align: justify; line-height: 1.8;\"><b><span style=\"font-family: Arial; font-size: 18px;\">Cooking time</span></b><span style=\"font-family: Arial; font-size: 18px;\">: 10 minutes</span></p><h2 style=\"text-align: justify; line-height: 1.8;\" class=\"\"><span style=\"font-size: 14px;\"><span style=\"font-family: Arial; font-size: 18px;\"></span><span style=\"font-size: 18px; font-family: Arial;\"><b>Ingredients</b></span></span><br></h2><ul><li style=\"line-height: 1.8;\"><font face=\"Helvetica\"><span style=\"font-size: 18px; letter-spacing: 0.3px; background-color: rgb(250, 250, 250); font-family: Arial;\">2 cups whole milk or low fat</span></font></li><li style=\"line-height: 1.8;\"><font face=\"Helvetica\"><span style=\"font-size: 18px; letter-spacing: 0.3px; background-color: rgb(250, 250, 250); font-family: Arial;\">2 tablespoons of sugar to taste</span></font></li></ul><h3 style=\"line-height: 1.8;\" class=\"\"><span style=\"font-size: 18px; font-family: Arial;\"><b>&nbsp;To make milk powder:</b></span></h3><ul><li style=\"text-align: justify; line-height: 1.8;\"><font face=\"Helvetica\"><span style=\"font-family: Arial; font-size: 18px;\">1/4 cup almonds</span></font></li><li style=\"text-align: justify; line-height: 1.8;\"><font face=\"Helvetica\"><span style=\"font-family: Arial; font-size: 18px;\">1/4 cup pistachios</span></font></li><li style=\"text-align: justify; line-height: 1.8;\"><font face=\"Helvetica\"><span style=\"font-family: Arial; font-size: 18px;\">1/4 cup cashews</span></font></li><li style=\"text-align: justify; line-height: 1.8;\"><font face=\"Helvetica\"><span style=\"font-size: 18px; letter-spacing: 0.3px; background-color: rgb(250, 250, 250); font-family: Arial;\">&nbsp;2 teaspoons of cardamom powder</span></font></li><li style=\"text-align: justify; line-height: 1.8;\"><font face=\"Helvetica\"><span style=\"font-family: Arial; font-size: 18px;\">1/4 teaspoon nutmeg powder</span></font></li><li style=\"text-align: justify; line-height: 1.8;\"><font face=\"Helvetica\"><span style=\"font-size: 18px; letter-spacing: 0.3px; background-color: rgb(250, 250, 250); font-family: Arial;\">1 teaspoon saffron</span></font></li></ul><h2 style=\"line-height: 1.8;\" class=\"\"><span style=\"font-family: Arial; font-size: 18px;\"><b>Instructions:</b></span></h2><p style=\"text-align: justify; line-height: 1.8;\"><span style=\"font-size: 18px; font-family: Arial;\">1. Add almonds, pistachios, cashews, cardamom powder, and saffron to a spice grinder and pulse it a few times to make a coarse powder. Store this masala milk powder in an airtight container.</span></p><p style=\"text-align: justify; line-height: 1.8;\"><span style=\"font-size: 18px; font-family: Arial;\">2.<b>&nbsp;</b></span><span style=\"font-size: 18px; font-family: Arial;\">Add almonds, pistachios, cashews, cardamom powder, and saffron to a spice grinder and pulse it a few times to make a coarse powder. Store this masala milk powder in an airtight container. Note: That recipe makes extra masala powder, around 6 to 8 servings.</span></p><p style=\"text-align: justify; line-height: 1.8;\"><span style=\"font-size: 18px; font-family: Arial;\">3. Cook on medium heat until the milk comes to a rolling boil. Lower the heat and stir in 2 tablespoons of masala powder for each cup of milk. Allow the milk to simmer on low heat for 2 to 3 minutes.</span></p><p style=\"text-align: justify; line-height: 1.8;\"><span style=\"font-size: 18px; font-family: Arial;\">4. Pour the milk into cups. Garnish with sliced pistachios and a few strings of saffron. Enjoy hot.</span></p><span class=\"wprm-recipe-ingredient-name\" style=\"background-color: rgb(250, 250, 250);\"><span class=\"wprm-recipe-ingredient-name\" style=\"font-family: -apple-system, BlinkMacSystemFont, &quot;Segoe UI&quot;, Roboto, Oxygen-Sans, Ubuntu, Cantarell, &quot;Helvetica Neue&quot;, sans-serif; font-size: 15.3px; font-weight: bold; letter-spacing: 0.3px;\"><br></span><br><div style=\"text-align: justify;\"><br></div></span><p></p>", "created_on": "2022-10-10T19:20:23.204Z", "status": 1, "likes": [1]}}, {"model": "blog.post", "pk": 2, "fields": {"title": "Pineapple curry", "slug": "pineapple-curry", "author": 1, "featured_image": "image/upload/v1666991080/int9k5i9pqbxf8zwtw05.webp", "excerpt": "Pineapple curry is a deliciously sweet sour tasting dish made with pineapple, coconut, mustard seeds and curd. The recipe originated from Kerala cuisine.", "meal_type": 2, "food_type": 8, "updated_on": "2023-03-08T19:00:30.136Z", "content": "<p style=\"line-height: 1.8;\"><span style=\"font-weight: 700; font-family: Arial; font-size: 18px;\">Preparation time</span><span style=\"font-family: Arial; font-size: 18px;\">: 10 minutes</span></p><p style=\"line-height: 1.8;\"><span style=\"font-weight: 700; font-family: Arial; font-size: 18px;\">Cooking time</span><span style=\"font-family: Arial; font-size: 18px;\">: 10 minutes</span></p><p style=\"line-height: 1.8;\"><br></p><h2 class=\"\" style=\"line-height: 1.8;\"><span style=\"font-weight: 700; font-size: 18px; font-family: Arial;\">Ingredients</span></h2><p style=\"line-height: 1.8;\"><span style=\"font-size: 18px; font-family: Arial;\">Ripe Pineapple-1 1/2 cup</span></p><p style=\"line-height: 1.8;\"><span style=\"font-size: 18px; font-family: Arial;\">Mustard seeds-1/2 tsp</span></p><p style=\"line-height: 1.8;\"><span style=\"font-size: 18px; font-family: Arial;\">Chilly Powder-1/2 tsp</span></p><p style=\"line-height: 1.8;\"><span style=\"font-size: 18px; font-family: Arial;\">Cumin seeds-1/4tsp</span></p><p style=\"line-height: 1.8;\"><span style=\"font-size: 18px; font-family: Arial;\">Turmeric Powder-1/4tsp</span></p><p style=\"line-height: 1.8;\"><span style=\"font-size: 18px; font-family: Arial;\">Green Chilly-2</span></p><p style=\"line-height: 1.8;\"><span style=\"font-size: 18px; font-family: Arial;\">Salt -to taste</span></p><p style=\"line-height: 1.8;\"><span style=\"font-size: 18px; font-family: Arial;\">Sugar-2tbsp or according to your taste</span></p><p style=\"line-height: 1.8;\"><span style=\"font-size: 18px; font-family: Arial;\">Curry Leaves-2strings</span></p><p style=\"line-height: 1.8;\"><span style=\"font-size: 18px; font-family: Arial;\">Dry Red chilly-2(chopped)</span></p><p style=\"line-height: 1.8;\"><span style=\"font-size: 18px; font-family: Arial;\">Grated coconut-1cup</span></p><p style=\"line-height: 1.8;\"><span style=\"font-size: 18px; font-family: Arial;\">Curd- 1/2 cup or according to the sourness of the curd</span></p><p style=\"line-height: 1.8;\"><span style=\"font-size: 18px; font-family: Arial;\">Coconut Oil-1tsp</span></p><h2 class=\"\" style=\"line-height: 1.8;\"><b><span style=\"font-size: 18px; font-family: Arial;\">Instructions</span></b></h2><p style=\"line-height: 1.8;\"><span style=\"font-family: Arial; white-space: pre-wrap; font-size: 18px;\"><font color=\"#000000\" style=\"\">1. Peel the pineapple.. ..Cut out all the eyes carefully. Cut into slices. Remove the hard portion and cut into very small pieces</font></span></p><p style=\"line-height: 1.8;\"><span style=\"font-family: Arial; white-space: pre-wrap; font-size: 18px;\"><font color=\"#000000\">2. Cook pineapple with  chilli powder, turmeric powder ,sugar ,salt and curry leaves in 1/4 cup of water..</font></span></p><p style=\"line-height: 1.8;\"><span style=\"font-family: Arial; white-space: pre-wrap; font-size: 18px;\"><font color=\"#000000\">3. Grind  coconut along with mustard seeds , green chilli , 2 curry leaves and cumin to a fine paste.</font></span></p><p style=\"line-height: 1.8;\"><span style=\"font-family: Arial; white-space: pre-wrap; font-size: 18px;\"><font color=\"#000000\">4. Now add the coconut paste to the cooked pineapple .</font></span></p><p style=\"line-height: 1.8;\"><span style=\"font-family: Arial; white-space: pre-wrap; font-size: 18px;\"><font color=\"#000000\">5. Mix well and reduce the flame and cook for another 10 minutes..</font></span></p><p style=\"line-height: 1.8;\"><span style=\"font-family: Arial; white-space: pre-wrap; font-size: 18px;\"><font color=\"#000000\">6. Now add the yogurt and mix well.no need to boil ..</font></span></p><p style=\"line-height: 1.8;\"><span style=\"font-family: Arial; white-space: pre-wrap; font-size: 18px;\"><font color=\"#000000\">7. Check the salt and sugar.. adjust ..</font></span></p><p style=\"line-height: 1.8;\"><span style=\"font-family: Arial; white-space: pre-wrap; font-size: 18px;\"><font color=\"#000000\">8. Heat coconut oil in a pan and add mustard seeds when it splutter add dry red chilly and curry leaves and pour over the curry.</font></span></p><p style=\"line-height: 1.8;\"><font color=\"#000000\" style=\"\"><span style=\"font-family: Arial; white-space: pre-wrap; font-size: 18px;\">9. Close it and serve when it cools down ..</span><br></font></p><p><span style=\"color: rgb(3, 3, 3); font-family: Helvetica; white-space: pre-wrap; background-color: rgba(0, 0, 0, 0.05);\">\r\n\r\n\r\n</span><span style=\"color: rgb(3, 3, 3); font-family: Roboto, Arial, sans-serif; white-space: pre-wrap; background-color: rgba(0, 0, 0, 0.05);\">\r\n\r\n\r\n\r\n\r\n\r\n\r\n\r\n\r\n\r\n\r\n\r\n\r\n\r\n\r\n\r\n\r\n\r\n</span><span style=\"color: rgb(3, 3, 3); font-family: Helvetica; white-space: pre-wrap; background-color: rgba(0, 0, 0, 0.05);\">\r\n\r\n\r\n\r\n\r\n\r\n\r\n\r\n\r\n\r\n\r\n\r\n\r\n\r\n\r\n\r\n\r\n\r\n\r\n\r\n<br></span></p><p><br></p><p><span style=\"font-weight: 700;\"><span class=\"wprm-recipe-ingredient-name\" style=\"font-family: -apple-system, BlinkMacSystemFont, &quot;Segoe UI&quot;, Roboto, Oxygen-Sans, Ubuntu, Cantarell, &quot;Helvetica Neue&quot;, sans-serif; font-size: 15.3px; letter-spacing: 0.3px; background-color: rgb(250, 250, 250);\"><br></span></span></p>", "created_on": "2022-10-11T19:36:47.909Z", "status": 1, "likes": []}}, {"model": "blog.post", "pk": 3, "fields": {"title": "Egg biriyani", "slug": "egg-biriyani", "author": 1, "featured_image": "image/upload/v1666991066/rurvbgz7l1pgeghtvgpq.webp", "excerpt": "Fragrant basmati rice cooked with aromatic biriyani spices, herbs and boiled eggs", "meal_type": 2, "food_type": 1, "updated_on": "2023-03-08T18:56:02.774Z", "content": "<p><span style=\"font-family: Arial; font-size: 18px;\"><b>Preparation time</b></span><span style=\"font-family: Helvetica;\"><b><span style=\"font-family: Arial; font-size: 18px;\">:</span></b><span style=\"font-family: Arial;\"><span style=\"font-size: 18px;\"> </span><span style=\"font-size: 18px;\">20 minutes</span></span></span></p><p><span style=\"font-family: Arial; font-size: 18px;\"><b>Cooking time:</b></span><span style=\"font-family: Arial; font-size: 18px;\"> 25 minutes</span></p><p><br></p><h2 class=\"\"><span style=\"font-size: 18px; font-family: Helvetica;\"><b>Ingredients:</b></span></h2><p><span style=\"font-size: 18px; font-family: Arial;\">2 cups basmati rice</span></p><p><span style=\"font-size: 18px; font-family: Arial;\">6 large eggs</span></p><p><span style=\"font-size: 18px; font-family: Arial;\">2 tablespoons ghee</span></p><p><span style=\"font-size: 18px; font-family: Arial;\">2 yellow onions medium, thinly spiced</span></p><p><span style=\"font-size: 18px; font-family: Arial;\">1 teaspoon cumin seeds</span></p><p><span style=\"font-size: 18px; font-family: Arial;\">1/2 teaspoon black peppercorns</span></p><p><span style=\"font-size: 18px; font-family: Arial;\">1/2 teaspoon black peppercorns</span></p><p><span style=\"font-size: 18px; font-family: Arial;\">2 bay leaves</span></p><p><span style=\"font-size: 18px; font-family: Arial;\">2 teaspoons Kashmiri red chilli powder</span></p><p><span style=\"font-size: 18px; font-family: Arial;\">1/2 teaspoon ground turmeric</span></p><p><span style=\"font-size: 18px; font-family: Arial;\">2.5 teaspoons salt</span></p><p><span style=\"font-size: 18px; font-family: Arial;\">1.5 teaspoons garam masala</span></p><p><span style=\"font-size: 18px; font-family: Arial;\">1/2 cup yogurt</span></p><p><span style=\"font-size: 18px; font-family: Arial;\">1.5 teaspoons ginger grated</span></p><p><span style=\"font-size: 18px; font-family: Arial;\">1.5 teaspoons garlic minced</span></p><p><span style=\"font-size: 18px; font-family: Arial;\">2 cups water</span></p><p><span style=\"font-size: 18px; font-family: Arial;\">1/2 cup cilantro leaves</span></p><p><span style=\"font-size: 18px; font-family: Arial;\">1/4 cup mint leaves</span></p><p><span style=\"font-size: 18px; font-family: Arial;\">1 tomato</span></p><p><span style=\"font-size: 18px; font-family: Arial;\">1 pinch saffron</span></p><h2 class=\"\"><span style=\"font-size: 18px; font-family: Arial;\"><b>Instructions:</b></span></h2><p><span style=\"font-size: 18px;\"><br></span><span style=\"font-size: 18px; font-family: Helvetica;\">&nbsp;1.&nbsp;</span><span style=\"font-size: 18px; font-family: Helvetica;\">Rinse the rice and soak in 4 cups of water for 20 minutes. Drain all the water after 20 minutes.</span></p><p><span style=\"font-size: 18px; font-family: Arial;\">2.&nbsp;</span><span style=\"font-size: 18px; background-color: rgb(250, 250, 250); font-family: Arial; letter-spacing: 0.3px;\">While the rice is soaking hard boil the eggs. Add 1 cup of water to the Instant Pot. Place the trivet and place eggs on top of it. Close the Instant Pot lid with the pressure valve to sealing. Set the Instant Pot to pressure cook (hi) for 5 minutes. Allow 5 minutes of natural pressure release and then release the remaining pressure and open the Instant pot. Using a pair of heat-resistant mitts, carefully pick up the Instant Pot insert and place it in the sink. Run cold water for 2 minutes over the eggs or place them in an ice bath. Once the eggs are cool to handle, peel them. Make 3 shallow slits to the hard-boiled eggs and keep them aside.</span></p><p><span style=\"font-size: 18px; background-color: rgb(250, 250, 250); font-family: Arial; letter-spacing: 0.3px;\">3.&nbsp;</span><span style=\"font-size: 18px; background-color: rgb(250, 250, 250); font-family: Arial; letter-spacing: 0.3px;\">Set the Instant Pot to saute mode and add ghee. Add onions and saute until they turn light golden brown, about 10 minutes. Take half of the onions out and reserve. Note: If you have an air fryer you can use it or perfect golden fried onions.</span></p><p><span style=\"font-family: Arial; font-size: 18px;\">4.&nbsp;</span><span style=\"font-size: 18px; background-color: rgb(250, 250, 250); font-family: Arial; letter-spacing: 0.3px;\">Deglaze the bottom of the pot to remove any browning from sauteeing the onions. Use 1 to 2 tablespoons of water to help remove any stuck browned bits as this will help the Instant Pot come to pressure properly and not show the dreaded \"BURN\".</span></p><p><span style=\"font-size: 18px; background-color: rgb(250, 250, 250); font-family: Arial; letter-spacing: 0.3px;\">5.&nbsp;</span><span style=\"font-size: 18px; background-color: rgb(250, 250, 250); font-family: Arial; letter-spacing: 0.3px;\">Add cumin seeds, black peppercorns, bay leaves, and saute for a minute. Turn the Instant Pot off and add red chili powder, turmeric, salt, garam masala, ginger, garlic, mint, cilantro, tomatoes, and yogurt. Mix well once again deglazing the pot.&nbsp;</span></p><p><span style=\"font-size: 18px; background-color: rgb(250, 250, 250); font-family: Arial; letter-spacing: 0.3px;\">6.&nbsp;</span><span style=\"font-size: 18px; background-color: rgb(250, 250, 250); font-family: Arial; letter-spacing: 0.3px;\">Add eggs and mix coating the eggs with the spices. Add rice over and spread it evenly. Add water and stir gently making sure most of the rice is under liquids. Close the Instant Pot and turn the pressure valve to sealing. Pressure Cook (Low) for 5 minutes followed by 5 minutes natural pressure release. Release the remaining pressure and open the Instant Pot. Layer the reserved caramelized onions and saffron milk evenly on top. Garnish with remaining cilantro. Enjoy hot with a lemon wedge and raita.</span></p><p><span style=\"font-size: 18px; background-color: rgb(250, 250, 250); font-family: Arial; letter-spacing: 0.3px;\">7.&nbsp;</span><span style=\"font-size: 18px; background-color: rgb(250, 250, 250); font-family: Arial; letter-spacing: 0.3px;\">To make the raita, whisk the yogurt in a medium bowl. Add onions, tomatoes, salt, sugar and mix well. Garnish with cilantro.&nbsp;</span></p><p><br></p>", "created_on": "2022-10-12T11:41:05.528Z", "status": 1, "likes": [3]}}, {"model": "blog.post", "pk": 6, "fields": {"title": "Green peas potato curry", "slug": "green-peas-potato-curry", "author": 1, "featured_image": "image/upload/v1666991042/sygjysqcvgi99uv96gdt.webp", "excerpt": "A simple and easy north indian cuisine curry or sabzi recipe prepared with basic ingredients like potatoes and green peas.", "meal_type": 2, "food_type": 8, "updated_on": "2023-03-08T18:53:53.193Z", "content": "<p><span style=\"font-family: Tahoma;\"></span><b><span style=\"font-size: 18px; font-family: Arial;\">Preparation time:</span></b><span style=\"font-size: 18px; font-family: Arial;\"> </span><span style=\"font-size: 18px; font-family: Arial;\">10 minutes</span></p><p><b><span style=\"font-size: 18px; font-family: Arial;\">Cooking time:</span></b><span style=\"font-family: Arial;\"> </span><span style=\"font-size: 18px; font-family: Arial;\">25 minutes</span></p><p><span style=\"font-size: 18px; font-family: &quot;Times New Roman&quot;;\"><br></span></p><h3 class=\"\"><span style=\"font-size: 18px; font-family: Arial;\"><b>Ingredients:</b></span></h3><p><font face=\"Helvetica\"><span style=\"font-size: 18px; font-family: Arial;\">4 tsp oil</span></font></p><p><font face=\"Helvetica\"><span style=\"font-size: 18px; font-family: Arial;\">1/2 inch cardamom</span></font></p><p><font face=\"Helvetica\"><span style=\"font-size: 18px; font-family: Arial;\">2 pods cardamom</span></font></p><p><span class=\"wprm-recipe-ingredient-name\" style=\"font-family: &quot;Work Sans&quot;; font-size: 18px;\"><span class=\"wprm-recipe-ingredient-name\"><span class=\"wprm-recipe-ingredient-name\"><span class=\"wprm-adjustable\" style=\"font-size: 18px; font-family: Arial;\">1</span><span style=\"font-size: 18px; font-family: Arial;\">&nbsp;tsp dry fenugreek leaves</span></span></span></span></p><p><font face=\"Helvetica\"><span style=\"font-size: 18px; font-family: Arial;\">1/2 tsp cumin/jeera</span></font></p><p><span class=\"wprm-recipe-ingredient-name\" style=\"font-family: Arial; font-size: 18px;\">&nbsp;1/2 tsp turmeric/haldi</span></p><p><font face=\"Helvetica\"><span style=\"font-size: 18px; font-family: Arial;\">1 tsp kashmiri chilli powder</span></font></p><p><span style=\"font-family: Arial; font-size: 18px;\">1/2 tsp&nbsp;</span><span class=\"wprm-recipe-ingredient-name\" style=\"font-family: Arial; font-size: 18px;\">coriander powder</span></p><p><span class=\"wprm-adjustable\" style=\"font-family: Arial; font-size: 18px;\">1</span><span style=\"font-family: Arial; font-size: 18px;\">&nbsp;</span><span class=\"wprm-recipe-ingredient-name\" style=\"font-family: Arial; font-size: 18px;\">onion</span></p><p><font face=\"Helvetica\"><span style=\"font-size: 18px; font-family: Arial;\">1 tsp ginger garlic paste</span></font></p><p><font face=\"Helvetica\"><span style=\"font-size: 18px; font-family: Arial;\">2 tomato (finely chopped)</span></font></p><p><span style=\"font-size: 18px; font-family: Arial;\">2 potatoes (finely chopped)</span></p><p><span style=\"font-family: Arial; font-size: 18px;\">1 tsp salt</span></p><p><span style=\"font-family: Arial; font-size: 18px;\">1/2 cup peas</span></p><p><font face=\"Helvetica\"><span style=\"font-size: 18px; font-family: Arial;\">1 cup water</span></font></p><p><span style=\"font-family: Arial; font-size: 18px;\">1 green chilli</span></p><p><font face=\"Helvetica\"><span style=\"font-size: 18px; font-family: Arial;\">1/2 cup garam masala</span></font></p><p><font face=\"Helvetica\"><span style=\"font-size: 18px; font-family: Arial;\">2 tbsp coriander leaves (finely chopped)</span></font></p><h3 style=\"line-height: 1.8;\" class=\"\"><span style=\"font-size: 18px; font-family: Arial;\"><b>Instructions:</b></span></h3><p style=\"text-align: justify; line-height: 1.8;\"><span style=\"font-size: 18px;\"><span style=\"font-size: 18px; font-family: Arial;\">1.</span><b><span style=\"font-size: 18px; font-family: Arial;\">&nbsp;</span></b></span><span style=\"font-family: Arial; font-size: 18px;\">Firstly, in a pressure cooker heat 4 tsp oil and saute  inch cinnamon, 2 pods cardamom, 1 tsp kasuri methi,  tsp cumin till it turns aromatic.</span></p><p style=\"text-align: justify; line-height: 1.8;\"><span style=\"font-family: Arial; font-size: 18px;\">2.&nbsp;</span><span style=\"font-size: 18px; line-height: 107%; font-family: Arial;\">Now add in  tsp turmeric, 1\r\ntsp kashmiri red chilli powder and  tsp coriander powder. saute on low flame\r\nfor 30 seconds.</span></p><p style=\"text-align: justify; line-height: 1.8;\"><span style=\"font-size: 18px; line-height: 107%; font-family: Arial;\">3.&nbsp;</span><span style=\"font-family: Arial; font-size: 18px;\">Further\r\n     add 1 onion and saute well.</span></p><p style=\"text-align: justify; line-height: 1.8;\"><span style=\"font-family: Arial; font-size: 18px;\">4.&nbsp;&nbsp;</span><span style=\"font-family: Arial; font-size: 18px;\">Additionally\r\n     add 1 tsp ginger garlic paste and saute well.</span></p><p style=\"text-align: justify; line-height: 1.8;\"><span style=\"font-family: Arial; font-size: 18px;\">5.&nbsp;</span><span style=\"font-family: Arial; font-size: 18px;\">Now add 2 tomato and saute\r\ntill the tomatoes turn soft and mushy.</span></p><p style=\"text-align: justify; line-height: 1.8;\"><span style=\"font-family: Arial; font-size: 18px;\">6.&nbsp;</span><span style=\"font-family: Arial; font-size: 18px;\">Furthermore,\r\n     add 2 potato cubed and 1 tsp salt.</span></p><p style=\"text-align: justify; line-height: 1.8;\"><span style=\"font-family: Arial; font-size: 18px;\">7.&nbsp;</span><span style=\"font-family: Arial; font-size: 18px;\">Saute for a minute or more.</span></p><p style=\"text-align: justify; line-height: 1.8;\"><span style=\"font-family: Arial; font-size: 18px;\">8.&nbsp;</span><span style=\"font-family: Arial; font-size: 18px;\">Further\r\n     add  cup peas, 1 cup water and 1 green chilli.</span></p><p style=\"text-align: justify; line-height: 1.8;\"><span style=\"font-family: Arial; font-size: 18px;\">9.&nbsp;</span><span style=\"font-family: Arial; font-size: 18px;\">Mix well and pressure cook for\r\n3 whistles or till potato gets cooked.</span></p><p style=\"text-align: justify; line-height: 1.8;\"><span style=\"font-family: Arial; font-size: 18px;\">10.&nbsp;</span><span style=\"font-family: Arial; font-size: 18px;\">Once\r\n     the pressure gets settled down, mash slightly adjusting consistency.</span></p><p style=\"text-align: justify; line-height: 1.8;\"><span style=\"font-family: Arial; font-size: 18px;\">11.&nbsp;&nbsp;</span><span style=\"font-family: Arial; font-size: 18px;\">Add\r\n     in  tsp garam masala and 2 tbsp coriander leaves. mix well.</span></p><p style=\"text-align: justify; line-height: 1.8;\"><span style=\"font-family: Arial; font-size: 18px;\">12.&nbsp;&nbsp;</span><span style=\"font-family: Arial; font-size: 18px;\">Finally,\r\n     serve aloo matar recipe with rice or roti.</span></p><p style=\"text-align: justify; line-height: 1.8;\"><span style=\"font-family: Helvetica, sans-serif; font-size: 10.5pt;\"><br></span></p><p style=\"line-height: 1.6;\"><span style=\"font-size: 10.5pt; line-height: 107%; font-family: Helvetica, sans-serif;\"></span><span style=\"font-family: Helvetica, sans-serif;\"><br></span><span style=\"font-size: 18px;\"><br></span></p>", "created_on": "2022-10-13T18:42:37.547Z", "status": 0, "likes": [11, 12, 13, 3]}}, {"model": "blog.comment", "pk": 17, "fields": {"post": 1, "name": "Lakshmi1188", "email": "laxmi@gamil.com", "body": "Nice!!", "created_on": "2022-10-15T18:09:56.103Z", "approved": true}}, {"model": "blog.comment", "pk": 18, "fields": {"post": 1, "name": "Lakshmi1188", "email": "laxmi@gamil.com", "body": "Nice!!", "created_on": "2022-10-15T18:11:19.904Z", "approved": true}}, {"model": "blog.comment", "pk": 27, "fields": {"post": 1, "name": "Lakshmi1188", "email": "laxmi@gamil.com", "body": "Good recipe!!", "created_on": "2022-10-17T19:21:13.582Z", "approved": true}}, {"model": "blog.comment", "pk": 28, "fields": {"post": 1, "name": "Lakshmi1188", "email": "laxmi@gamil.com", "body": "Good recipe!!", "created_on": "2022-10-17T19:33:41.505Z", "approved": true}}, {"model": "blog.comment", "pk": 67, "fields": {"post": 6, "name": "Lakshmi1188", "email": "smenon1188@yahoo.com", "body": "Nice recipe!!", "created_on": "2023-02-24T19:58:36.096Z", "approved": true}}, {"model": "blog.comment", "pk": 68, "fields": {"post": 6, "name": "anusree2714", "email": "anusree@gmail.com", "body": "Amazing!!!", "created_on": "2023-02-26T11:54:49.957Z", "approved": true}}, {"model": "blog.comment", "pk": 70, "fields": {"post": 6, "name": "Aneesh", "email": "aneesh.vijayan@gmail.com", "body": " You should try", "created_on": "2023-03-06T20:08:48.247Z", "approved": false}}, {"model": "blog.comment", "pk": 71, "fields": {"post": 6, "name": "Aneesh", "email": "aneesh.vijayan@gmail.com", "body": " You should try", "created_on": "2023-03-06T20:08:59.874Z", "approved": false}}, {"model": "blog.comment", "pk": 72, "fields": {"post": 6, "name": "Aneesh", "email": "aneesh.vijayan@gmail.com", "body": " You should try", "created_on": "2023-03-06T20:09:34.913Z", "approved": false}}, {"model": "blog.comment", "pk": 74, "fields": {"post": 3, "name": "Saru", "email": "testsaru@gmail.com", "body": "Yummy", "created_on": "2023-03-06T20:38:40.040Z", "approved": true}}, {"model": "blog.comment", "pk": 75, "fields": {"post": 2, "name": "Lakshmi1188", "email": "smenon1188@yahoo.com", "body": "Good recipe!!", "created_on": "2023-03-06T20:54:28.038Z", "approved": true}}, {"model": "blog.comment", "pk": 76, "fields": {"post": 3, "name": "anusree2714", "email": "anusree2714@gmail.com", "body": "Nice recipe!1", "created_on": "2023-03-06T21:25:30.522Z", "approved": true}}, {"model": "restaurant.photo", "pk": 4, "fields": {"title": "about_image", "image": "image/upload/v1667051700/jces5wu6ouhkym3hnffy.webp"}}, {"model": "restaurant.photo", "pk": 7, "fields": {"title": "Times Image", "image": "image/upload/v1678222441/ieflpcd9sxpi223n8tvw.webp"}}, {"model": "menu.menu", "pk": 2, "fields": {"name": "Samosa", "slug": "Samosa", "description": "Savory pie filled with potatoes and other vegetables", "category": 1, "price": "1.75", "featured_image": "image/upload/v1666990759/gtx1yacgp5vpfhlfpqdc.webp"}}, {"model": "menu.menu", "pk": 3, "fields": {"name": "Chicken Tikka Biriyani", "slug": "chicken-tikka-biriyani", "description": "Basmati rice dish with grilled pieces of chicken thigh fillet prepared in the clay oven", "category": 2, "price": "10.75", "featured_image": "image/upload/v1666990748/f1iwbdzkeo1wildjdoty.webp"}}, {"model": "menu.menu", "pk": 4, "fields": {"name": "Tandoori chicken", "slug": "tandoori-chicken", "description": "Seasoned chicken, prepared in clay oven", "category": 1, "price": "6.50", "featured_image": "image/upload/v1666990732/jhoatvwutm4dyvx39poi.webp"}}, {"model": "menu.menu", "pk": 5, "fields": {"name": "Chicken curry", "slug": "chicken-curry", "description": "Chicken thigh fillet in a mildly spiced curry - served with rice or naan", "category": 2, "price": "12.00", "featured_image": "image/upload/v1666990593/g63jr2pzewq0hzb6ygtj.webp"}}, {"model": "menu.menu", "pk": 6, "fields": {"name": "Chana masala", "slug": "chana-masala", "description": "Chickpea curry - served with rice or naan", "category": 2, "price": "7.75", "featured_image": "image/upload/v1666990466/o0dgmjzbr1dx1ie5a8zs.webp"}}, {"model": "menu.menu", "pk": 7, "fields": {"name": "Tandoori roti", "slug": "tandoori-roti", "description": "Roti prepared In the clay oven made from whole wheat flour", "category": 2, "price": "2.00", "featured_image": "image/upload/v1666990241/uq4gqiqwax8itp7anixg.webp"}}, {"model": "menu.menu", "pk": 8, "fields": {"name": "Idli and vada", "slug": "idli-and-vada", "description": "South Indian breakfast prepared with rice and urad dal", "category": 2, "price": "9.75", "featured_image": "image/upload/v1666990218/rg7cpgdr0f4qhsthxr69.webp"}}, {"model": "menu.menu", "pk": 9, "fields": {"name": "Rava dosa", "slug": "rava-dosa", "description": "South Indian breakfast prepared with rice, semolina", "category": 2, "price": "6.75", "featured_image": "image/upload/v1666990202/l2edt20fhilugwtnfeyp.webp"}}, {"model": "menu.menu", "pk": 10, "fields": {"name": "Ghulab jamun", "slug": "ghulab-jamun", "description": "Gulab Jamun is an Indian dessert of fried dough balls dipped in sugar", "category": 3, "price": "4.00", "featured_image": "image/upload/v1666994699/znh9kxespmw0hj5xmans.webp"}}, {"model": "menu.menu", "pk": 11, "fields": {"name": "Rasgulla", "slug": "rasgulla", "description": "A spherical dessert made from cottage cheese and semolina. The balls are cooked in a light sug", "category": 3, "price": "4.00", "featured_image": "image/upload/v1666990170/in11ffmczgcaw7fvwrah.webp"}}, {"model": "menu.menu", "pk": 12, "fields": {"name": "Butter paneer", "slug": "butter-paneer", "description": "Curry of Indian cheese prepared with real butter, cream, grated coconut and ground cashew nuts -Served with rice or roti.", "category": 2, "price": "9.85", "featured_image": "image/upload/v1666990159/juvbgsia4asm9przmiuf.webp"}}, {"model": "menu.menu", "pk": 13, "fields": {"name": "Vegetable pulao", "slug": "vegetable-pulao", "description": "Rice seasoned with vegetables and spices. Served with chutney and yoghurt.", "category": 2, "price": "10.00", "featured_image": "image/upload/v1666989700/brudnu7kzzif1l76bd1o.webp"}}, {"model": "menu.category", "pk": 1, "fields": {"name": "STARTER"}}, {"model": "menu.category", "pk": 2, "fields": {"name": "MAIN"}}, {"model": "menu.category", "pk": 3, "fields": {"name": "DESSERT"}}, {"model": "users.userprofile", "pk": 1, "fields": {"user": 3, "name": "Anusree", "email": "anusree2714@gmail.com", "username": "anusree2714", "profile_image": "image/upload/v1666994142/kqatdfkqwzcczn9ik0x9.jpg", "create_at": "2022-10-21T21:03:39.609Z", "update_at": "2023-03-08T10:13:25.129Z"}}, {"model": "users.userprofile", "pk": 3, "fields": {"user": 2, "name": null, "email": null, "username": null, "profile_image": "image/upload/placeholder", "create_at": "2022-10-22T11:02:26.310Z", "update_at": "2022-10-22T11:02:26.310Z"}}, {"model": "users.userprofile", "pk": 6, "fields": {"user": 5, "name": null, "email": "", "username": "Lakshmi1234", "profile_image": "image/upload/placeholder", "create_at": "2022-10-23T00:13:54.697Z", "update_at": "2022-10-23T00:13:54.697Z"}}, {"model": "users.userprofile", "pk": 7, "fields": {"user": 1, "name": "Sreelakshmi", "email": "smenon1188@yahoo.com", "username": "Lakshmi1188", "profile_image": "image/upload/v1666994173/q00ybkrbx8fwwwe0styc.jpg", "create_at": "2022-10-24T17:16:34.179Z", "update_at": "2022-10-29T20:57:02.225Z"}}, {"model": "users.userprofile", "pk": 8, "fields": {"user": 6, "name": null, "email": "", "username": "tutor", "profile_image": "image/upload/placeholder", "create_at": "2022-10-25T21:41:49.308Z", "update_at": "2022-10-25T21:41:49.308Z"}}, {"model": "users.userprofile", "pk": 9, "fields": {"user": 7, "name": null, "email": "", "username": "aneesh1785", "profile_image": "image/upload/placeholder", "create_at": "2022-10-26T21:06:36.198Z", "update_at": "2022-10-26T21:06:36.198Z"}}, {"model": "users.userprofile", "pk": 10, "fields": {"user": 8, "name": null, "email": null, "username": "admins", "profile_image": "image/upload/v1668699768/obqdggpcldnw4w47rzyl.jpg", "create_at": "2022-11-17T14:14:04.927Z", "update_at": "2022-11-17T15:42:49.142Z"}}, {"model": "users.userprofile", "pk": 11, "fields": {"user": 9, "name": null, "email": "", "username": "eval1", "profile_image": "image/upload/placeholder", "create_at": "2022-11-23T03:30:32.417Z", "update_at": "2022-11-23T03:30:32.417Z"}}, {"model": "users.userprofile", "pk": 12, "fields": {"user": 10, "name": null, "email": "", "username": "Sourojit", "profile_image": "image/upload/placeholder", "create_at": "2022-11-23T11:23:42.387Z", "update_at": "2022-11-23T11:23:42.387Z"}}, {"model": "users.userprofile", "pk": 13, "fields": {"user": 11, "name": "Django", "email": "django80@gmail.com", "username": "django2000", "profile_image": "image/upload/placeholder", "create_at": "2023-02-24T20:03:03.723Z", "update_at": "2023-03-06T20:37:46.999Z"}}, {"model": "users.userprofile", "pk": 15, "fields": {"user": 13, "name": null, "email": "", "username": "johndoe", "profile_image": "image/upload/placeholder", "create_at": "2023-03-04T07:14:43.651Z", "update_at": "2023-03-04T07:14:43.651Z"}}, {"model": "users.userprofile", "pk": 16, "fields": {"user": 14, "name": "Aneesh", "email": "aneesh.vijayan@gmail.com", "username": "Aneesh", "profile_image": "image/upload/v1678133146/bbbmrvpbqjl2rtqwp6dr.jpg", "create_at": "2023-03-06T20:01:02.914Z", "update_at": "2023-03-06T20:05:46.679Z"}}, {"model": "users.userprofile", "pk": 18, "fields": {"user": 16, "name": "Saru", "email": "testsaru@gmail.com", "username": "Saru", "profile_image": "image/upload/v1678134994/t0nb5dyfzvedxoe2xv7c.jpg", "create_at": "2023-03-06T20:31:42.032Z", "update_at": "2023-03-06T20:36:36.335Z"}}, {"model": "users.userprofile", "pk": 20, "fields": {"user": 18, "name": null, "email": "", "username": "betul", "profile_image": "image/upload/placeholder", "create_at": "2023-03-08T09:49:18.986Z", "update_at": "2023-03-08T09:49:18.986Z"}}]